"IDP","t1_or_dmri","subtype","left_or_right","region","notes","ukb_link"
"IDP-25002","T1","Total",NA,"all","Volume of peripheral cortical grey matter (from T1 brain image)","http://biobank.ndph.ox.ac.uk/ukb/field.cgi?id=25002"
"IDP-25004","T1","Total",NA,"all","Volume of ventricular cerebrospinal fluid (from T1 brain image)","http://biobank.ndph.ox.ac.uk/ukb/field.cgi?id=25004"
"IDP-25006","T1","Total",NA,"all","Volume of grey matter (from T1 brain image)","http://biobank.ndph.ox.ac.uk/ukb/field.cgi?id=25006"
"IDP-25008","T1","Total",NA,"all","Volume of white matter (from T1 brain image)","http://biobank.ndph.ox.ac.uk/ukb/field.cgi?id=25008"
"IDP-25010","T1","Total",NA,"all","Volume of brain, grey+white, from T1 brain image","http://biobank.ndph.ox.ac.uk/ukb/field.cgi?id=25010"
"IDP-25011","T1","Subcortical","left","thalamus","Volume of left thalamus (from T1 brain image)","http://biobank.ndph.ox.ac.uk/ukb/field.cgi?id=25011"
"IDP-25012","T1","Subcortical","right","thalamus","Volume of right thalamus (from T1 brain image)","http://biobank.ndph.ox.ac.uk/ukb/field.cgi?id=25012"
"IDP-25013","T1","Subcortical","left","caudate","Volume of left caudate (from T1 brain image)","http://biobank.ndph.ox.ac.uk/ukb/field.cgi?id=25013"
"IDP-25014","T1","Subcortical","right","caudate","Volume of right caudate (from T1 brain image)","http://biobank.ndph.ox.ac.uk/ukb/field.cgi?id=25014"
"IDP-25015","T1","Subcortical","left","putamen","Volume of left putamen (from T1 brain image)","http://biobank.ndph.ox.ac.uk/ukb/field.cgi?id=25015"
"IDP-25016","T1","Subcortical","right","putamen","Volume of right putamen (from T1 brain image)","http://biobank.ndph.ox.ac.uk/ukb/field.cgi?id=25016"
"IDP-25017","T1","Subcortical","left","pallidum","Volume of left pallidum (from T1 brain image)","http://biobank.ndph.ox.ac.uk/ukb/field.cgi?id=25017"
"IDP-25018","T1","Subcortical","right","pallidum","Volume of right pallidum (from T1 brain image)","http://biobank.ndph.ox.ac.uk/ukb/field.cgi?id=25018"
"IDP-25019","T1","Subcortical","left","hippocampus","Volume of left hippocampus (from T1 brain image)","http://biobank.ndph.ox.ac.uk/ukb/field.cgi?id=25019"
"IDP-25020","T1","Subcortical","right","hippocampus","Volume of right hippocampus (from T1 brain image)","http://biobank.ndph.ox.ac.uk/ukb/field.cgi?id=25020"
"IDP-25021","T1","Subcortical","left","amygdala","Volume of left amygdala (from T1 brain image)","http://biobank.ndph.ox.ac.uk/ukb/field.cgi?id=25021"
"IDP-25022","T1","Subcortical","right","amygdala","Volume of right amygdala (from T1 brain image)","http://biobank.ndph.ox.ac.uk/ukb/field.cgi?id=25022"
"IDP-25023","T1","Subcortical","left","accumbens","Volume of left accumbens (from T1 brain image)","http://biobank.ndph.ox.ac.uk/ukb/field.cgi?id=25023"
"IDP-25024","T1","Subcortical","right","accumbens","Volume of right accumbens (from T1 brain image)","http://biobank.ndph.ox.ac.uk/ukb/field.cgi?id=25024"
"IDP-25025","T1","Brainstem",NA,"brain stem + 4th ventricle","Volume of brain stem + 4th ventricle (from T1 brain image)","http://biobank.ndph.ox.ac.uk/ukb/field.cgi?id=25025"
"IDP-25782","T1","Gray-Cortical","left","frontal pole","Volume of grey matter in Left Frontal Pole","http://biobank.ndph.ox.ac.uk/ukb/field.cgi?id=25782"
"IDP-25783","T1","Gray-Cortical","right","frontal pole","Volume of grey matter in Right Frontal Pole","http://biobank.ndph.ox.ac.uk/ukb/field.cgi?id=25783"
"IDP-25784","T1","Gray-Cortical","left","insular cortex","Volume of grey matter in Left Insular Cortex","http://biobank.ndph.ox.ac.uk/ukb/field.cgi?id=25784"
"IDP-25785","T1","Gray-Cortical","right","insular cortex","Volume of grey matter in Right Insular Cortex","http://biobank.ndph.ox.ac.uk/ukb/field.cgi?id=25785"
"IDP-25786","T1","Gray-Cortical","left","superior frontal gyrus","Volume of grey matter in Left Superior Frontal Gyrus","http://biobank.ndph.ox.ac.uk/ukb/field.cgi?id=25786"
"IDP-25787","T1","Gray-Cortical","right","superior frontal gyrus","Volume of grey matter in Right Superior Frontal Gyrus","http://biobank.ndph.ox.ac.uk/ukb/field.cgi?id=25787"
"IDP-25788","T1","Gray-Cortical","left","middle frontal gyrus","Volume of grey matter in Left Middle Frontal Gyrus","http://biobank.ndph.ox.ac.uk/ukb/field.cgi?id=25788"
"IDP-25789","T1","Gray-Cortical","right","middle frontal gyrus","Volume of grey matter in Right Middle Frontal Gyrus","http://biobank.ndph.ox.ac.uk/ukb/field.cgi?id=25789"
"IDP-25790","T1","Gray-Cortical","left","inferior frontal gyrus, pars triangularis","Volume of grey matter in Left Inferior Frontal Gyrus, pars triangularis","http://biobank.ndph.ox.ac.uk/ukb/field.cgi?id=25790"
"IDP-25791","T1","Gray-Cortical","right","inferior frontal gyrus, pars triangularis","Volume of grey matter in Right Inferior Frontal Gyrus, pars triangularis","http://biobank.ndph.ox.ac.uk/ukb/field.cgi?id=25791"
"IDP-25792","T1","Gray-Cortical","left","inferior frontal gyrus, pars opercularis","Volume of grey matter in Left Inferior Frontal Gyrus, pars opercularis","http://biobank.ndph.ox.ac.uk/ukb/field.cgi?id=25792"
"IDP-25793","T1","Gray-Cortical","right","inferior frontal gyrus, pars opercularis","Volume of grey matter in Right Inferior Frontal Gyrus, pars opercularis","http://biobank.ndph.ox.ac.uk/ukb/field.cgi?id=25793"
"IDP-25794","T1","Gray-Cortical","left","precentral gyrus","Volume of grey matter in Left Precentral Gyrus","http://biobank.ndph.ox.ac.uk/ukb/field.cgi?id=25794"
"IDP-25795","T1","Gray-Cortical","right","precentral gyrus","Volume of grey matter in Right Precentral Gyrus","http://biobank.ndph.ox.ac.uk/ukb/field.cgi?id=25795"
"IDP-25796","T1","Gray-Cortical","left","temporal pole","Volume of grey matter in Left Temporal Pole","http://biobank.ndph.ox.ac.uk/ukb/field.cgi?id=25796"
"IDP-25797","T1","Gray-Cortical","right","temporal pole","Volume of grey matter in Right Temporal Pole","http://biobank.ndph.ox.ac.uk/ukb/field.cgi?id=25797"
"IDP-25798","T1","Gray-Cortical","left","superior temporal gyrus, anterior division","Volume of grey matter in Left Superior Temporal Gyrus, anterior division","http://biobank.ndph.ox.ac.uk/ukb/field.cgi?id=25798"
"IDP-25799","T1","Gray-Cortical","right","superior temporal gyrus, anterior division","Volume of grey matter in Right Superior Temporal Gyrus, anterior division","http://biobank.ndph.ox.ac.uk/ukb/field.cgi?id=25799"
"IDP-25800","T1","Gray-Cortical","left","superior temporal gyrus, posterior division","Volume of grey matter in Left Superior Temporal Gyrus, posterior division","http://biobank.ndph.ox.ac.uk/ukb/field.cgi?id=25800"
"IDP-25801","T1","Gray-Cortical","right","superior temporal gyrus, posterior division","Volume of grey matter in Right Superior Temporal Gyrus, posterior division","http://biobank.ndph.ox.ac.uk/ukb/field.cgi?id=25801"
"IDP-25802","T1","Gray-Cortical","left","middle temporal gyrus, anterior division","Volume of grey matter in Left Middle Temporal Gyrus, anterior division","http://biobank.ndph.ox.ac.uk/ukb/field.cgi?id=25802"
"IDP-25803","T1","Gray-Cortical","right","middle temporal gyrus, anterior division","Volume of grey matter in Right Middle Temporal Gyrus, anterior division","http://biobank.ndph.ox.ac.uk/ukb/field.cgi?id=25803"
"IDP-25804","T1","Gray-Cortical","left","middle temporal gyrus, posterior division","Volume of grey matter in Left Middle Temporal Gyrus, posterior division","http://biobank.ndph.ox.ac.uk/ukb/field.cgi?id=25804"
"IDP-25805","T1","Gray-Cortical","right","middle temporal gyrus, posterior division","Volume of grey matter in Right Middle Temporal Gyrus, posterior division","http://biobank.ndph.ox.ac.uk/ukb/field.cgi?id=25805"
"IDP-25806","T1","Gray-Cortical","left","middle temporal gyrus, temporooccipital part","Volume of grey matter in Left Middle Temporal Gyrus, temporooccipital part","http://biobank.ndph.ox.ac.uk/ukb/field.cgi?id=25806"
"IDP-25807","T1","Gray-Cortical","right","middle temporal gyrus, temporooccipital part","Volume of grey matter in Right Middle Temporal Gyrus, temporooccipital part","http://biobank.ndph.ox.ac.uk/ukb/field.cgi?id=25807"
"IDP-25808","T1","Gray-Cortical","left","inferior temporal gyrus, anterior division","Volume of grey matter in Left Inferior Temporal Gyrus, anterior division","http://biobank.ndph.ox.ac.uk/ukb/field.cgi?id=25808"
"IDP-25809","T1","Gray-Cortical","right","inferior temporal gyrus, anterior division","Volume of grey matter in Right Inferior Temporal Gyrus, anterior division","http://biobank.ndph.ox.ac.uk/ukb/field.cgi?id=25809"
"IDP-25810","T1","Gray-Cortical","left","inferior temporal gyrus, posterior division","Volume of grey matter in Left Inferior Temporal Gyrus, posterior division","http://biobank.ndph.ox.ac.uk/ukb/field.cgi?id=25810"
"IDP-25811","T1","Gray-Cortical","right","inferior temporal gyrus, posterior division","Volume of grey matter in Right Inferior Temporal Gyrus, posterior division","http://biobank.ndph.ox.ac.uk/ukb/field.cgi?id=25811"
"IDP-25812","T1","Gray-Cortical","left","inferior temporal gyrus, temporooccipital part","Volume of grey matter in Left Inferior Temporal Gyrus, temporooccipital part","http://biobank.ndph.ox.ac.uk/ukb/field.cgi?id=25812"
"IDP-25813","T1","Gray-Cortical","right","inferior temporal gyrus, temporooccipital part","Volume of grey matter in Right Inferior Temporal Gyrus, temporooccipital part","http://biobank.ndph.ox.ac.uk/ukb/field.cgi?id=25813"
"IDP-25814","T1","Gray-Cortical","left","postcentral gyrus","Volume of grey matter in Left Postcentral Gyrus","http://biobank.ndph.ox.ac.uk/ukb/field.cgi?id=25814"
"IDP-25815","T1","Gray-Cortical","right","postcentral gyrus","Volume of grey matter in Right Postcentral Gyrus","http://biobank.ndph.ox.ac.uk/ukb/field.cgi?id=25815"
"IDP-25816","T1","Gray-Cortical","left","superior parietal lobule","Volume of grey matter in Left Superior Parietal Lobule","http://biobank.ndph.ox.ac.uk/ukb/field.cgi?id=25816"
"IDP-25817","T1","Gray-Cortical","right","superior parietal lobule","Volume of grey matter in Right Superior Parietal Lobule","http://biobank.ndph.ox.ac.uk/ukb/field.cgi?id=25817"
"IDP-25818","T1","Gray-Cortical","left","supramarginal gyrus, anterior division","Volume of grey matter in Left Supramarginal Gyrus, anterior division","http://biobank.ndph.ox.ac.uk/ukb/field.cgi?id=25818"
"IDP-25819","T1","Gray-Cortical","right","supramarginal gyrus, anterior division","Volume of grey matter in Right Supramarginal Gyrus, anterior division","http://biobank.ndph.ox.ac.uk/ukb/field.cgi?id=25819"
"IDP-25820","T1","Gray-Cortical","left","supramarginal gyrus, posterior division","Volume of grey matter in Left Supramarginal Gyrus, posterior division","http://biobank.ndph.ox.ac.uk/ukb/field.cgi?id=25820"
"IDP-25821","T1","Gray-Cortical","right","supramarginal gyrus, posterior division","Volume of grey matter in Right Supramarginal Gyrus, posterior division","http://biobank.ndph.ox.ac.uk/ukb/field.cgi?id=25821"
"IDP-25822","T1","Gray-Cortical","left","angular gyrus","Volume of grey matter in Left Angular Gyrus","http://biobank.ndph.ox.ac.uk/ukb/field.cgi?id=25822"
"IDP-25823","T1","Gray-Cortical","right","angular gyrus","Volume of grey matter in Right Angular Gyrus","http://biobank.ndph.ox.ac.uk/ukb/field.cgi?id=25823"
"IDP-25824","T1","Gray-Cortical","left","lateral occipital cortex, superior division","Volume of grey matter in Left Lateral Occipital Cortex, superior division","http://biobank.ndph.ox.ac.uk/ukb/field.cgi?id=25824"
"IDP-25825","T1","Gray-Cortical","right","lateral occipital cortex, superior division","Volume of grey matter in Right Lateral Occipital Cortex, superior division","http://biobank.ndph.ox.ac.uk/ukb/field.cgi?id=25825"
"IDP-25826","T1","Gray-Cortical","left","lateral occipital cortex, inferior division","Volume of grey matter in Left Lateral Occipital Cortex, inferior division","http://biobank.ndph.ox.ac.uk/ukb/field.cgi?id=25826"
"IDP-25827","T1","Gray-Cortical","right","lateral occipital cortex, inferior division","Volume of grey matter in Right Lateral Occipital Cortex, inferior division","http://biobank.ndph.ox.ac.uk/ukb/field.cgi?id=25827"
"IDP-25828","T1","Gray-Cortical","left","intracalcarine cortex","Volume of grey matter in Left Intracalcarine Cortex","http://biobank.ndph.ox.ac.uk/ukb/field.cgi?id=25828"
"IDP-25829","T1","Gray-Cortical","right","intracalcarine cortex","Volume of grey matter in Right Intracalcarine Cortex","http://biobank.ndph.ox.ac.uk/ukb/field.cgi?id=25829"
"IDP-25830","T1","Gray-Cortical","left","frontal medial cortex","Volume of grey matter in Left Frontal Medial Cortex","http://biobank.ndph.ox.ac.uk/ukb/field.cgi?id=25830"
"IDP-25831","T1","Gray-Cortical","right","frontal medial cortex","Volume of grey matter in Right Frontal Medial Cortex","http://biobank.ndph.ox.ac.uk/ukb/field.cgi?id=25831"
"IDP-25832","T1","Gray-Cortical","left","juxtapositional lobule cortex (formerly supplementary motor cortex)","Volume of grey matter in Left Juxtapositional Lobule Cortex (formerly Supplementary Motor Cortex)","http://biobank.ndph.ox.ac.uk/ukb/field.cgi?id=25832"
"IDP-25833","T1","Gray-Cortical","right","juxtapositional lobule cortex (formerly supplementary motor cortex)","Volume of grey matter in Right Juxtapositional Lobule Cortex (formerly Supplementary Motor Cortex)","http://biobank.ndph.ox.ac.uk/ukb/field.cgi?id=25833"
"IDP-25834","T1","Gray-Cortical","left","subcallosal cortex","Volume of grey matter in Left Subcallosal Cortex","http://biobank.ndph.ox.ac.uk/ukb/field.cgi?id=25834"
"IDP-25835","T1","Gray-Cortical","right","subcallosal cortex","Volume of grey matter in Right Subcallosal Cortex","http://biobank.ndph.ox.ac.uk/ukb/field.cgi?id=25835"
"IDP-25836","T1","Gray-Cortical","left","paracingulate gyrus","Volume of grey matter in Left Paracingulate Gyrus","http://biobank.ndph.ox.ac.uk/ukb/field.cgi?id=25836"
"IDP-25837","T1","Gray-Cortical","right","paracingulate gyrus","Volume of grey matter in Right Paracingulate Gyrus","http://biobank.ndph.ox.ac.uk/ukb/field.cgi?id=25837"
"IDP-25838","T1","Gray-Cortical","left","cingulate gyrus, anterior division","Volume of grey matter in Left Cingulate Gyrus, anterior division","http://biobank.ndph.ox.ac.uk/ukb/field.cgi?id=25838"
"IDP-25839","T1","Gray-Cortical","right","cingulate gyrus, anterior division","Volume of grey matter in Right Cingulate Gyrus, anterior division","http://biobank.ndph.ox.ac.uk/ukb/field.cgi?id=25839"
"IDP-25840","T1","Gray-Cortical","left","cingulate gyrus, posterior division","Volume of grey matter in Left Cingulate Gyrus, posterior division","http://biobank.ndph.ox.ac.uk/ukb/field.cgi?id=25840"
"IDP-25841","T1","Gray-Cortical","right","cingulate gyrus, posterior division","Volume of grey matter in Right Cingulate Gyrus, posterior division","http://biobank.ndph.ox.ac.uk/ukb/field.cgi?id=25841"
"IDP-25842","T1","Gray-Cortical","left","precuneous cortex","Volume of grey matter in Left Precuneous Cortex","http://biobank.ndph.ox.ac.uk/ukb/field.cgi?id=25842"
"IDP-25843","T1","Gray-Cortical","right","precuneous cortex","Volume of grey matter in Right Precuneous Cortex","http://biobank.ndph.ox.ac.uk/ukb/field.cgi?id=25843"
"IDP-25844","T1","Gray-Cortical","left","cuneal cortex","Volume of grey matter in Left Cuneal Cortex","http://biobank.ndph.ox.ac.uk/ukb/field.cgi?id=25844"
"IDP-25845","T1","Gray-Cortical","right","cuneal cortex","Volume of grey matter in Right Cuneal Cortex","http://biobank.ndph.ox.ac.uk/ukb/field.cgi?id=25845"
"IDP-25846","T1","Gray-Cortical","left","frontal orbital cortex","Volume of grey matter in Left Frontal Orbital Cortex","http://biobank.ndph.ox.ac.uk/ukb/field.cgi?id=25846"
"IDP-25847","T1","Gray-Cortical","right","frontal orbital cortex","Volume of grey matter in Right Frontal Orbital Cortex","http://biobank.ndph.ox.ac.uk/ukb/field.cgi?id=25847"
"IDP-25848","T1","Gray-Cortical","left","parahippocampal gyrus, anterior division","Volume of grey matter in Left Parahippocampal Gyrus, anterior division","http://biobank.ndph.ox.ac.uk/ukb/field.cgi?id=25848"
"IDP-25849","T1","Gray-Cortical","right","parahippocampal gyrus, anterior division","Volume of grey matter in Right Parahippocampal Gyrus, anterior division","http://biobank.ndph.ox.ac.uk/ukb/field.cgi?id=25849"
"IDP-25850","T1","Gray-Cortical","left","parahippocampal gyrus, posterior division","Volume of grey matter in Left Parahippocampal Gyrus, posterior division","http://biobank.ndph.ox.ac.uk/ukb/field.cgi?id=25850"
"IDP-25851","T1","Gray-Cortical","right","parahippocampal gyrus, posterior division","Volume of grey matter in Right Parahippocampal Gyrus, posterior division","http://biobank.ndph.ox.ac.uk/ukb/field.cgi?id=25851"
"IDP-25852","T1","Gray-Cortical","left","lingual gyrus","Volume of grey matter in Left Lingual Gyrus","http://biobank.ndph.ox.ac.uk/ukb/field.cgi?id=25852"
"IDP-25853","T1","Gray-Cortical","right","lingual gyrus","Volume of grey matter in Right Lingual Gyrus","http://biobank.ndph.ox.ac.uk/ukb/field.cgi?id=25853"
"IDP-25854","T1","Gray-Cortical","left","temporal fusiform cortex, anterior division","Volume of grey matter in Left Temporal Fusiform Cortex, anterior division","http://biobank.ndph.ox.ac.uk/ukb/field.cgi?id=25854"
"IDP-25855","T1","Gray-Cortical","right","temporal fusiform cortex, anterior division","Volume of grey matter in Right Temporal Fusiform Cortex, anterior division","http://biobank.ndph.ox.ac.uk/ukb/field.cgi?id=25855"
"IDP-25856","T1","Gray-Cortical","left","temporal fusiform cortex, posterior division","Volume of grey matter in Left Temporal Fusiform Cortex, posterior division","http://biobank.ndph.ox.ac.uk/ukb/field.cgi?id=25856"
"IDP-25857","T1","Gray-Cortical","right","temporal fusiform cortex, posterior division","Volume of grey matter in Right Temporal Fusiform Cortex, posterior division","http://biobank.ndph.ox.ac.uk/ukb/field.cgi?id=25857"
"IDP-25858","T1","Gray-Cortical","left","temporal occipital fusiform cortex","Volume of grey matter in Left Temporal Occipital Fusiform Cortex","http://biobank.ndph.ox.ac.uk/ukb/field.cgi?id=25858"
"IDP-25859","T1","Gray-Cortical","right","temporal occipital fusiform cortex","Volume of grey matter in Right Temporal Occipital Fusiform Cortex","http://biobank.ndph.ox.ac.uk/ukb/field.cgi?id=25859"
"IDP-25860","T1","Gray-Cortical","left","occipital fusiform gyrus","Volume of grey matter in Left Occipital Fusiform Gyrus","http://biobank.ndph.ox.ac.uk/ukb/field.cgi?id=25860"
"IDP-25861","T1","Gray-Cortical","right","occipital fusiform gyrus","Volume of grey matter in Right Occipital Fusiform Gyrus","http://biobank.ndph.ox.ac.uk/ukb/field.cgi?id=25861"
"IDP-25862","T1","Gray-Cortical","left","frontal operculum cortex","Volume of grey matter in Left Frontal Operculum Cortex","http://biobank.ndph.ox.ac.uk/ukb/field.cgi?id=25862"
"IDP-25863","T1","Gray-Cortical","right","frontal operculum cortex","Volume of grey matter in Right Frontal Operculum Cortex","http://biobank.ndph.ox.ac.uk/ukb/field.cgi?id=25863"
"IDP-25864","T1","Gray-Cortical","left","central opercular cortex","Volume of grey matter in Left Central Opercular Cortex","http://biobank.ndph.ox.ac.uk/ukb/field.cgi?id=25864"
"IDP-25865","T1","Gray-Cortical","right","central opercular cortex","Volume of grey matter in Right Central Opercular Cortex","http://biobank.ndph.ox.ac.uk/ukb/field.cgi?id=25865"
"IDP-25866","T1","Gray-Cortical","left","parietal operculum cortex","Volume of grey matter in Left Parietal Operculum Cortex","http://biobank.ndph.ox.ac.uk/ukb/field.cgi?id=25866"
"IDP-25867","T1","Gray-Cortical","right","parietal operculum cortex","Volume of grey matter in Right Parietal Operculum Cortex","http://biobank.ndph.ox.ac.uk/ukb/field.cgi?id=25867"
"IDP-25868","T1","Gray-Cortical","left","planum polare","Volume of grey matter in Left Planum Polare","http://biobank.ndph.ox.ac.uk/ukb/field.cgi?id=25868"
"IDP-25869","T1","Gray-Cortical","right","planum polare","Volume of grey matter in Right Planum Polare","http://biobank.ndph.ox.ac.uk/ukb/field.cgi?id=25869"
"IDP-25870","T1","Gray-Cortical","left","heschl's gyrus (includes h1 and h2)","Volume of grey matter in Left Heschl's Gyrus (includes H1 and H2)","http://biobank.ndph.ox.ac.uk/ukb/field.cgi?id=25870"
"IDP-25871","T1","Gray-Cortical","right","heschl's gyrus (includes h1 and h2)","Volume of grey matter in Right Heschl's Gyrus (includes H1 and H2)","http://biobank.ndph.ox.ac.uk/ukb/field.cgi?id=25871"
"IDP-25872","T1","Gray-Cortical","left","planum temporale","Volume of grey matter in Left Planum Temporale","http://biobank.ndph.ox.ac.uk/ukb/field.cgi?id=25872"
"IDP-25873","T1","Gray-Cortical","right","planum temporale","Volume of grey matter in Right Planum Temporale","http://biobank.ndph.ox.ac.uk/ukb/field.cgi?id=25873"
"IDP-25874","T1","Gray-Cortical","left","supracalcarine cortex","Volume of grey matter in Left Supracalcarine Cortex","http://biobank.ndph.ox.ac.uk/ukb/field.cgi?id=25874"
"IDP-25875","T1","Gray-Cortical","right","supracalcarine cortex","Volume of grey matter in Right Supracalcarine Cortex","http://biobank.ndph.ox.ac.uk/ukb/field.cgi?id=25875"
"IDP-25876","T1","Gray-Cortical","left","occipital pole","Volume of grey matter in Left Occipital Pole","http://biobank.ndph.ox.ac.uk/ukb/field.cgi?id=25876"
"IDP-25877","T1","Gray-Cortical","right","occipital pole","Volume of grey matter in Right Occipital Pole","http://biobank.ndph.ox.ac.uk/ukb/field.cgi?id=25877"
"IDP-25878","T1","Gray-Subcortical","left","thalamus","Volume of grey matter in Left Thalamus","http://biobank.ndph.ox.ac.uk/ukb/field.cgi?id=25878"
"IDP-25879","T1","Gray-Subcortical","right","thalamus","Volume of grey matter in Right Thalamus","http://biobank.ndph.ox.ac.uk/ukb/field.cgi?id=25879"
"IDP-25880","T1","Gray-Subcortical","left","caudate","Volume of grey matter in Left Caudate","http://biobank.ndph.ox.ac.uk/ukb/field.cgi?id=25880"
"IDP-25881","T1","Gray-Subcortical","right","caudate","Volume of grey matter in Right Caudate","http://biobank.ndph.ox.ac.uk/ukb/field.cgi?id=25881"
"IDP-25882","T1","Gray-Subcortical","left","putamen","Volume of grey matter in Left Putamen","http://biobank.ndph.ox.ac.uk/ukb/field.cgi?id=25882"
"IDP-25883","T1","Gray-Subcortical","right","putamen","Volume of grey matter in Right Putamen","http://biobank.ndph.ox.ac.uk/ukb/field.cgi?id=25883"
"IDP-25884","T1","Gray-Subcortical","left","pallidum","Volume of grey matter in Left Pallidum","http://biobank.ndph.ox.ac.uk/ukb/field.cgi?id=25884"
"IDP-25885","T1","Gray-Subcortical","right","pallidum","Volume of grey matter in Right Pallidum","http://biobank.ndph.ox.ac.uk/ukb/field.cgi?id=25885"
"IDP-25886","T1","Gray-Subcortical","left","hippocampus","Volume of grey matter in Left Hippocampus","http://biobank.ndph.ox.ac.uk/ukb/field.cgi?id=25886"
"IDP-25887","T1","Gray-Subcortical","right","hippocampus","Volume of grey matter in Right Hippocampus","http://biobank.ndph.ox.ac.uk/ukb/field.cgi?id=25887"
"IDP-25888","T1","Gray-Subcortical","left","amygdala","Volume of grey matter in Left Amygdala","http://biobank.ndph.ox.ac.uk/ukb/field.cgi?id=25888"
"IDP-25889","T1","Gray-Subcortical","right","amygdala","Volume of grey matter in Right Amygdala","http://biobank.ndph.ox.ac.uk/ukb/field.cgi?id=25889"
"IDP-25890","T1","Gray-Subcortical","left","ventral striatum","Volume of grey matter in Left Ventral Striatum","http://biobank.ndph.ox.ac.uk/ukb/field.cgi?id=25890"
"IDP-25891","T1","Gray-Subcortical","right","ventral striatum","Volume of grey matter in Right Ventral Striatum","http://biobank.ndph.ox.ac.uk/ukb/field.cgi?id=25891"
"IDP-25892","T1","Gray-Brainstem",NA,"brain-stem","Volume of grey matter in Brain-Stem","http://biobank.ndph.ox.ac.uk/ukb/field.cgi?id=25892"
"IDP-25893","T1","Gray-Cerebellum","left","i-iv cerebellum","Volume of grey matter in Left I-IV Cerebellum","http://biobank.ndph.ox.ac.uk/ukb/field.cgi?id=25893"
"IDP-25894","T1","Gray-Cerebellum","right","i-iv cerebellum","Volume of grey matter in Right I-IV Cerebellum","http://biobank.ndph.ox.ac.uk/ukb/field.cgi?id=25894"
"IDP-25895","T1","Gray-Cerebellum","left","v cerebellum","Volume of grey matter in Left V Cerebellum","http://biobank.ndph.ox.ac.uk/ukb/field.cgi?id=25895"
"IDP-25896","T1","Gray-Cerebellum","right","v cerebellum","Volume of grey matter in Right V Cerebellum","http://biobank.ndph.ox.ac.uk/ukb/field.cgi?id=25896"
"IDP-25897","T1","Gray-Cerebellum","left","vi cerebellum","Volume of grey matter in Left VI Cerebellum","http://biobank.ndph.ox.ac.uk/ukb/field.cgi?id=25897"
"IDP-25898","T1","Gray-Cerebellum","vermis","vi cerebellum","Volume of grey matter in Vermis VI Cerebellum","http://biobank.ndph.ox.ac.uk/ukb/field.cgi?id=25898"
"IDP-25899","T1","Gray-Cerebellum","right","vi cerebellum","Volume of grey matter in Right VI Cerebellum","http://biobank.ndph.ox.ac.uk/ukb/field.cgi?id=25899"
"IDP-25900","T1","Gray-Cerebellum","left","crus i cerebellum","Volume of grey matter in Left Crus I Cerebellum","http://biobank.ndph.ox.ac.uk/ukb/field.cgi?id=25900"
"IDP-25901","T1","Gray-Cerebellum","vermis","crus i cerebellum","Volume of grey matter in Vermis Crus I Cerebellum","http://biobank.ndph.ox.ac.uk/ukb/field.cgi?id=25901"
"IDP-25902","T1","Gray-Cerebellum","right","crus i cerebellum","Volume of grey matter in Right Crus I Cerebellum","http://biobank.ndph.ox.ac.uk/ukb/field.cgi?id=25902"
"IDP-25903","T1","Gray-Cerebellum","left","crus ii cerebellum","Volume of grey matter in Left Crus II Cerebellum","http://biobank.ndph.ox.ac.uk/ukb/field.cgi?id=25903"
"IDP-25904","T1","Gray-Cerebellum","vermis","crus ii cerebellum","Volume of grey matter in Vermis Crus II Cerebellum","http://biobank.ndph.ox.ac.uk/ukb/field.cgi?id=25904"
"IDP-25905","T1","Gray-Cerebellum","right","crus ii cerebellum","Volume of grey matter in Right Crus II Cerebellum","http://biobank.ndph.ox.ac.uk/ukb/field.cgi?id=25905"
"IDP-25906","T1","Gray-Cerebellum","left","viib cerebellum","Volume of grey matter in Left VIIb Cerebellum","http://biobank.ndph.ox.ac.uk/ukb/field.cgi?id=25906"
"IDP-25907","T1","Gray-Cerebellum","vermis","viib cerebellum","Volume of grey matter in Vermis VIIb Cerebellum","http://biobank.ndph.ox.ac.uk/ukb/field.cgi?id=25907"
"IDP-25908","T1","Gray-Cerebellum","right","viib cerebellum","Volume of grey matter in Right VIIb Cerebellum","http://biobank.ndph.ox.ac.uk/ukb/field.cgi?id=25908"
"IDP-25909","T1","Gray-Cerebellum","left","viiia cerebellum","Volume of grey matter in Left VIIIa Cerebellum","http://biobank.ndph.ox.ac.uk/ukb/field.cgi?id=25909"
"IDP-25910","T1","Gray-Cerebellum","vermis","viiia cerebellum","Volume of grey matter in Vermis VIIIa Cerebellum","http://biobank.ndph.ox.ac.uk/ukb/field.cgi?id=25910"
"IDP-25911","T1","Gray-Cerebellum","right","viiia cerebellum","Volume of grey matter in Right VIIIa Cerebellum","http://biobank.ndph.ox.ac.uk/ukb/field.cgi?id=25911"
"IDP-25912","T1","Gray-Cerebellum","left","viiib cerebellum","Volume of grey matter in Left VIIIb Cerebellum","http://biobank.ndph.ox.ac.uk/ukb/field.cgi?id=25912"
"IDP-25913","T1","Gray-Cerebellum","vermis","viiib cerebellum","Volume of grey matter in Vermis VIIIb Cerebellum","http://biobank.ndph.ox.ac.uk/ukb/field.cgi?id=25913"
"IDP-25914","T1","Gray-Cerebellum","right","viiib cerebellum","Volume of grey matter in Right VIIIb Cerebellum","http://biobank.ndph.ox.ac.uk/ukb/field.cgi?id=25914"
"IDP-25915","T1","Gray-Cerebellum","left","ix cerebellum","Volume of grey matter in Left IX Cerebellum","http://biobank.ndph.ox.ac.uk/ukb/field.cgi?id=25915"
"IDP-25916","T1","Gray-Cerebellum","vermis","ix cerebellum","Volume of grey matter in Vermis IX Cerebellum","http://biobank.ndph.ox.ac.uk/ukb/field.cgi?id=25916"
"IDP-25917","T1","Gray-Cerebellum","right","ix cerebellum","Volume of grey matter in Right IX Cerebellum","http://biobank.ndph.ox.ac.uk/ukb/field.cgi?id=25917"
"IDP-25918","T1","Gray-Cerebellum","left","x cerebellum","Volume of grey matter in Left X Cerebellum","http://biobank.ndph.ox.ac.uk/ukb/field.cgi?id=25918"
"IDP-25919","T1","Gray-Cerebellum","vermis","x cerebellum","Volume of grey matter in Vermis X Cerebellum","http://biobank.ndph.ox.ac.uk/ukb/field.cgi?id=25919"
"IDP-25920","T1","Gray-Cerebellum","right","x cerebellum","Volume of grey matter in Right X Cerebellum","http://biobank.ndph.ox.ac.uk/ukb/field.cgi?id=25920"
"IDP-25056","dMRI","FA",NA,"middle cerebellar peduncle","Mean FA (fractional anisotropy) in middle cerebellar peduncle on FA skeleton (from dMRI data)","http://biobank.ndph.ox.ac.uk/ukb/field.cgi?id=25056"
"IDP-25057","dMRI","FA",NA,"pontine crossing tract","Mean FA (fractional anisotropy) in pontine crossing tract on FA skeleton (from dMRI data)","http://biobank.ndph.ox.ac.uk/ukb/field.cgi?id=25057"
"IDP-25058","dMRI","FA",NA,"genu of corpus callosum","Mean FA (fractional anisotropy) in genu of corpus callosum on FA skeleton (from dMRI data)","http://biobank.ndph.ox.ac.uk/ukb/field.cgi?id=25058"
"IDP-25059","dMRI","FA",NA,"body of corpus callosum","Mean FA (fractional anisotropy) in body of corpus callosum on FA skeleton (from dMRI data)","http://biobank.ndph.ox.ac.uk/ukb/field.cgi?id=25059"
"IDP-25060","dMRI","FA",NA,"splenium of corpus callosum","Mean FA (fractional anisotropy) in splenium of corpus callosum on FA skeleton (from dMRI data)","http://biobank.ndph.ox.ac.uk/ukb/field.cgi?id=25060"
"IDP-25061","dMRI","FA",NA,"fornix","Mean FA (fractional anisotropy) in fornix on FA skeleton (from dMRI data)","http://biobank.ndph.ox.ac.uk/ukb/field.cgi?id=25061"
"IDP-25062","dMRI","FA","right","corticospinal tract","Mean FA (fractional anisotropy) in corticospinal tract (right) on FA skeleton (from dMRI data)","http://biobank.ndph.ox.ac.uk/ukb/field.cgi?id=25062"
"IDP-25063","dMRI","FA","left","corticospinal tract","Mean FA (fractional anisotropy) in corticospinal tract (left) on FA skeleton (from dMRI data)","http://biobank.ndph.ox.ac.uk/ukb/field.cgi?id=25063"
"IDP-25064","dMRI","FA","right","medial lemniscus","Mean FA (fractional anisotropy) in medial lemniscus (right) on FA skeleton (from dMRI data)","http://biobank.ndph.ox.ac.uk/ukb/field.cgi?id=25064"
"IDP-25065","dMRI","FA","left","medial lemniscus","Mean FA (fractional anisotropy) in medial lemniscus (left) on FA skeleton (from dMRI data)","http://biobank.ndph.ox.ac.uk/ukb/field.cgi?id=25065"
"IDP-25066","dMRI","FA","right","inferior cerebellar peduncle","Mean FA (fractional anisotropy) in inferior cerebellar peduncle (right) on FA skeleton (from dMRI data)","http://biobank.ndph.ox.ac.uk/ukb/field.cgi?id=25066"
"IDP-25067","dMRI","FA","left","inferior cerebellar peduncle","Mean FA (fractional anisotropy) in inferior cerebellar peduncle (left) on FA skeleton (from dMRI data)","http://biobank.ndph.ox.ac.uk/ukb/field.cgi?id=25067"
"IDP-25068","dMRI","FA","right","superior cerebellar peduncle","Mean FA (fractional anisotropy) in superior cerebellar peduncle (right) on FA skeleton (from dMRI data)","http://biobank.ndph.ox.ac.uk/ukb/field.cgi?id=25068"
"IDP-25069","dMRI","FA","left","superior cerebellar peduncle","Mean FA (fractional anisotropy) in superior cerebellar peduncle (left) on FA skeleton (from dMRI data)","http://biobank.ndph.ox.ac.uk/ukb/field.cgi?id=25069"
"IDP-25070","dMRI","FA","right","cerebral peduncle","Mean FA (fractional anisotropy) in cerebral peduncle (right) on FA skeleton (from dMRI data)","http://biobank.ndph.ox.ac.uk/ukb/field.cgi?id=25070"
"IDP-25071","dMRI","FA","left","cerebral peduncle","Mean FA (fractional anisotropy) in cerebral peduncle (left) on FA skeleton (from dMRI data)","http://biobank.ndph.ox.ac.uk/ukb/field.cgi?id=25071"
"IDP-25072","dMRI","FA","right","anterior limb of internal capsule","Mean FA (fractional anisotropy) in anterior limb of internal capsule (right) on FA skeleton (from dMRI data)","http://biobank.ndph.ox.ac.uk/ukb/field.cgi?id=25072"
"IDP-25073","dMRI","FA","left","anterior limb of internal capsule","Mean FA (fractional anisotropy) in anterior limb of internal capsule (left) on FA skeleton (from dMRI data)","http://biobank.ndph.ox.ac.uk/ukb/field.cgi?id=25073"
"IDP-25074","dMRI","FA","right","posterior limb of internal capsule","Mean FA (fractional anisotropy) in posterior limb of internal capsule (right) on FA skeleton (from dMRI data)","http://biobank.ndph.ox.ac.uk/ukb/field.cgi?id=25074"
"IDP-25075","dMRI","FA","left","posterior limb of internal capsule","Mean FA (fractional anisotropy) in posterior limb of internal capsule (left) on FA skeleton (from dMRI data)","http://biobank.ndph.ox.ac.uk/ukb/field.cgi?id=25075"
"IDP-25076","dMRI","FA","right","retrolenticular part of internal capsule","Mean FA (fractional anisotropy) in retrolenticular part of internal capsule (right) on FA skeleton (from dMRI data)","http://biobank.ndph.ox.ac.uk/ukb/field.cgi?id=25076"
"IDP-25077","dMRI","FA","left","retrolenticular part of internal capsule","Mean FA (fractional anisotropy) in retrolenticular part of internal capsule (left) on FA skeleton (from dMRI data)","http://biobank.ndph.ox.ac.uk/ukb/field.cgi?id=25077"
"IDP-25078","dMRI","FA","right","anterior corona radiata","Mean FA (fractional anisotropy) in anterior corona radiata (right) on FA skeleton (from dMRI data)","http://biobank.ndph.ox.ac.uk/ukb/field.cgi?id=25078"
"IDP-25079","dMRI","FA","left","anterior corona radiata","Mean FA (fractional anisotropy) in anterior corona radiata (left) on FA skeleton (from dMRI data)","http://biobank.ndph.ox.ac.uk/ukb/field.cgi?id=25079"
"IDP-25080","dMRI","FA","right","superior corona radiata","Mean FA (fractional anisotropy) in superior corona radiata (right) on FA skeleton (from dMRI data)","http://biobank.ndph.ox.ac.uk/ukb/field.cgi?id=25080"
"IDP-25081","dMRI","FA","left","superior corona radiata","Mean FA (fractional anisotropy) in superior corona radiata (left) on FA skeleton (from dMRI data)","http://biobank.ndph.ox.ac.uk/ukb/field.cgi?id=25081"
"IDP-25082","dMRI","FA","right","posterior corona radiata","Mean FA (fractional anisotropy) in posterior corona radiata (right) on FA skeleton (from dMRI data)","http://biobank.ndph.ox.ac.uk/ukb/field.cgi?id=25082"
"IDP-25083","dMRI","FA","left","posterior corona radiata","Mean FA (fractional anisotropy) in posterior corona radiata (left) on FA skeleton (from dMRI data)","http://biobank.ndph.ox.ac.uk/ukb/field.cgi?id=25083"
"IDP-25084","dMRI","FA","right","posterior thalamic radiation","Mean FA (fractional anisotropy) in posterior thalamic radiation (right) on FA skeleton (from dMRI data)","http://biobank.ndph.ox.ac.uk/ukb/field.cgi?id=25084"
"IDP-25085","dMRI","FA","left","posterior thalamic radiation","Mean FA (fractional anisotropy) in posterior thalamic radiation (left) on FA skeleton (from dMRI data)","http://biobank.ndph.ox.ac.uk/ukb/field.cgi?id=25085"
"IDP-25086","dMRI","FA","right","sagittal stratum","Mean FA (fractional anisotropy) in sagittal stratum (right) on FA skeleton (from dMRI data)","http://biobank.ndph.ox.ac.uk/ukb/field.cgi?id=25086"
"IDP-25087","dMRI","FA","left","sagittal stratum","Mean FA (fractional anisotropy) in sagittal stratum (left) on FA skeleton (from dMRI data)","http://biobank.ndph.ox.ac.uk/ukb/field.cgi?id=25087"
"IDP-25088","dMRI","FA","right","external capsule","Mean FA (fractional anisotropy) in external capsule (right) on FA skeleton (from dMRI data)","http://biobank.ndph.ox.ac.uk/ukb/field.cgi?id=25088"
"IDP-25089","dMRI","FA","left","external capsule","Mean FA (fractional anisotropy) in external capsule (left) on FA skeleton (from dMRI data)","http://biobank.ndph.ox.ac.uk/ukb/field.cgi?id=25089"
"IDP-25090","dMRI","FA","right","cingulum cingulate gyrus","Mean FA (fractional anisotropy) in cingulum cingulate gyrus (right) on FA skeleton (from dMRI data)","http://biobank.ndph.ox.ac.uk/ukb/field.cgi?id=25090"
"IDP-25091","dMRI","FA","left","cingulum cingulate gyrus","Mean FA (fractional anisotropy) in cingulum cingulate gyrus (left) on FA skeleton (from dMRI data)","http://biobank.ndph.ox.ac.uk/ukb/field.cgi?id=25091"
"IDP-25092","dMRI","FA","right","cingulum hippocampus","Mean FA (fractional anisotropy) in cingulum hippocampus (right) on FA skeleton (from dMRI data)","http://biobank.ndph.ox.ac.uk/ukb/field.cgi?id=25092"
"IDP-25093","dMRI","FA","left","cingulum hippocampus","Mean FA (fractional anisotropy) in cingulum hippocampus (left) on FA skeleton (from dMRI data)","http://biobank.ndph.ox.ac.uk/ukb/field.cgi?id=25093"
"IDP-25094","dMRI","FA","right","fornix cres+stria terminalis","Mean FA (fractional anisotropy) in fornix cres+stria terminalis (right) on FA skeleton (from dMRI data)","http://biobank.ndph.ox.ac.uk/ukb/field.cgi?id=25094"
"IDP-25095","dMRI","FA","left","fornix cres+stria terminalis","Mean FA (fractional anisotropy) in fornix cres+stria terminalis (left) on FA skeleton (from dMRI data)","http://biobank.ndph.ox.ac.uk/ukb/field.cgi?id=25095"
"IDP-25096","dMRI","FA","right","superior longitudinal fasciculus","Mean FA (fractional anisotropy) in superior longitudinal fasciculus (right) on FA skeleton (from dMRI data)","http://biobank.ndph.ox.ac.uk/ukb/field.cgi?id=25096"
"IDP-25097","dMRI","FA","left","superior longitudinal fasciculus","Mean FA (fractional anisotropy) in superior longitudinal fasciculus (left) on FA skeleton (from dMRI data)","http://biobank.ndph.ox.ac.uk/ukb/field.cgi?id=25097"
"IDP-25098","dMRI","FA","right","superior fronto-occipital fasciculus","Mean FA (fractional anisotropy) in superior fronto-occipital fasciculus (right) on FA skeleton (from dMRI data)","http://biobank.ndph.ox.ac.uk/ukb/field.cgi?id=25098"
"IDP-25099","dMRI","FA","left","superior fronto-occipital fasciculus","Mean FA (fractional anisotropy) in superior fronto-occipital fasciculus (left) on FA skeleton (from dMRI data)","http://biobank.ndph.ox.ac.uk/ukb/field.cgi?id=25099"
"IDP-25100","dMRI","FA","right","uncinate fasciculus","Mean FA (fractional anisotropy) in uncinate fasciculus (right) on FA skeleton (from dMRI data)","http://biobank.ndph.ox.ac.uk/ukb/field.cgi?id=25100"
"IDP-25101","dMRI","FA","left","uncinate fasciculus","Mean FA (fractional anisotropy) in uncinate fasciculus (left) on FA skeleton (from dMRI data)","http://biobank.ndph.ox.ac.uk/ukb/field.cgi?id=25101"
"IDP-25102","dMRI","FA","right","tapetum","Mean FA (fractional anisotropy) in tapetum (right) on FA skeleton (from dMRI data)","http://biobank.ndph.ox.ac.uk/ukb/field.cgi?id=25102"
"IDP-25103","dMRI","FA","left","tapetum","Mean FA (fractional anisotropy) in tapetum (left) on FA skeleton (from dMRI data)","http://biobank.ndph.ox.ac.uk/ukb/field.cgi?id=25103"
"IDP-25344","dMRI","ICVF",NA,"middle cerebellar peduncle","Mean ICVF (intra-cellular volume fraction) in middle cerebellar peduncle on FA (fractional anisotropy) skeleton (from dMRI data)","http://biobank.ndph.ox.ac.uk/ukb/field.cgi?id=25344"
"IDP-25345","dMRI","ICVF",NA,"pontine crossing tract","Mean ICVF (intra-cellular volume fraction) in pontine crossing tract on FA (fractional anisotropy) skeleton (from dMRI data)","http://biobank.ndph.ox.ac.uk/ukb/field.cgi?id=25345"
"IDP-25346","dMRI","ICVF",NA,"genu of corpus callosum","Mean ICVF (intra-cellular volume fraction) in genu of corpus callosum on FA (fractional anisotropy) skeleton (from dMRI data)","http://biobank.ndph.ox.ac.uk/ukb/field.cgi?id=25346"
"IDP-25347","dMRI","ICVF",NA,"body of corpus callosum","Mean ICVF (intra-cellular volume fraction) in body of corpus callosum on FA (fractional anisotropy) skeleton (from dMRI data)","http://biobank.ndph.ox.ac.uk/ukb/field.cgi?id=25347"
"IDP-25348","dMRI","ICVF",NA,"splenium of corpus callosum","Mean ICVF (intra-cellular volume fraction) in splenium of corpus callosum on FA (fractional anisotropy) skeleton (from dMRI data)","http://biobank.ndph.ox.ac.uk/ukb/field.cgi?id=25348"
"IDP-25349","dMRI","ICVF",NA,"fornix","Mean ICVF (intra-cellular volume fraction) in fornix on FA (fractional anisotropy) skeleton (from dMRI data)","http://biobank.ndph.ox.ac.uk/ukb/field.cgi?id=25349"
"IDP-25350","dMRI","ICVF","right","corticospinal tract","Mean ICVF (intra-cellular volume fraction) in corticospinal tract (right) on FA (fractional anisotropy) skeleton (from dMRI data)","http://biobank.ndph.ox.ac.uk/ukb/field.cgi?id=25350"
"IDP-25351","dMRI","ICVF","left","corticospinal tract","Mean ICVF (intra-cellular volume fraction) in corticospinal tract (left) on FA (fractional anisotropy) skeleton (from dMRI data)","http://biobank.ndph.ox.ac.uk/ukb/field.cgi?id=25351"
"IDP-25352","dMRI","ICVF","right","medial lemniscus","Mean ICVF (intra-cellular volume fraction) in medial lemniscus (right) on FA (fractional anisotropy) skeleton (from dMRI data)","http://biobank.ndph.ox.ac.uk/ukb/field.cgi?id=25352"
"IDP-25353","dMRI","ICVF","left","medial lemniscus","Mean ICVF (intra-cellular volume fraction) in medial lemniscus (left) on FA (fractional anisotropy) skeleton (from dMRI data)","http://biobank.ndph.ox.ac.uk/ukb/field.cgi?id=25353"
"IDP-25354","dMRI","ICVF","right","inferior cerebellar peduncle","Mean ICVF (intra-cellular volume fraction) in inferior cerebellar peduncle (right) on FA (fractional anisotropy) skeleton (from dMRI data)","http://biobank.ndph.ox.ac.uk/ukb/field.cgi?id=25354"
"IDP-25355","dMRI","ICVF","left","inferior cerebellar peduncle","Mean ICVF (intra-cellular volume fraction) in inferior cerebellar peduncle (left) on FA (fractional anisotropy) skeleton (from dMRI data)","http://biobank.ndph.ox.ac.uk/ukb/field.cgi?id=25355"
"IDP-25356","dMRI","ICVF","right","superior cerebellar peduncle","Mean ICVF (intra-cellular volume fraction) in superior cerebellar peduncle (right) on FA (fractional anisotropy) skeleton (from dMRI data)","http://biobank.ndph.ox.ac.uk/ukb/field.cgi?id=25356"
"IDP-25357","dMRI","ICVF","left","superior cerebellar peduncle","Mean ICVF (intra-cellular volume fraction) in superior cerebellar peduncle (left) on FA (fractional anisotropy) skeleton (from dMRI data)","http://biobank.ndph.ox.ac.uk/ukb/field.cgi?id=25357"
"IDP-25358","dMRI","ICVF","right","cerebral peduncle","Mean ICVF (intra-cellular volume fraction) in cerebral peduncle (right) on FA (fractional anisotropy) skeleton (from dMRI data)","http://biobank.ndph.ox.ac.uk/ukb/field.cgi?id=25358"
"IDP-25359","dMRI","ICVF","left","cerebral peduncle","Mean ICVF (intra-cellular volume fraction) in cerebral peduncle (left) on FA (fractional anisotropy) skeleton (from dMRI data)","http://biobank.ndph.ox.ac.uk/ukb/field.cgi?id=25359"
"IDP-25360","dMRI","ICVF","right","anterior limb of internal capsule","Mean ICVF (intra-cellular volume fraction) in anterior limb of internal capsule (right) on FA (fractional anisotropy) skeleton (from dMRI data)","http://biobank.ndph.ox.ac.uk/ukb/field.cgi?id=25360"
"IDP-25361","dMRI","ICVF","left","anterior limb of internal capsule","Mean ICVF (intra-cellular volume fraction) in anterior limb of internal capsule (left) on FA (fractional anisotropy) skeleton (from dMRI data)","http://biobank.ndph.ox.ac.uk/ukb/field.cgi?id=25361"
"IDP-25362","dMRI","ICVF","right","posterior limb of internal capsule","Mean ICVF (intra-cellular volume fraction) in posterior limb of internal capsule (right) on FA (fractional anisotropy) skeleton (from dMRI data)","http://biobank.ndph.ox.ac.uk/ukb/field.cgi?id=25362"
"IDP-25363","dMRI","ICVF","left","posterior limb of internal capsule","Mean ICVF (intra-cellular volume fraction) in posterior limb of internal capsule (left) on FA (fractional anisotropy) skeleton (from dMRI data)","http://biobank.ndph.ox.ac.uk/ukb/field.cgi?id=25363"
"IDP-25364","dMRI","ICVF","right","retrolenticular part of internal capsule","Mean ICVF (intra-cellular volume fraction) in retrolenticular part of internal capsule (right) on FA (fractional anisotropy) skeleton (from dMRI data)","http://biobank.ndph.ox.ac.uk/ukb/field.cgi?id=25364"
"IDP-25365","dMRI","ICVF","left","retrolenticular part of internal capsule","Mean ICVF (intra-cellular volume fraction) in retrolenticular part of internal capsule (left) on FA (fractional anisotropy) skeleton (from dMRI data)","http://biobank.ndph.ox.ac.uk/ukb/field.cgi?id=25365"
"IDP-25366","dMRI","ICVF","right","anterior corona radiata","Mean ICVF (intra-cellular volume fraction) in anterior corona radiata (right) on FA (fractional anisotropy) skeleton (from dMRI data)","http://biobank.ndph.ox.ac.uk/ukb/field.cgi?id=25366"
"IDP-25367","dMRI","ICVF","left","anterior corona radiata","Mean ICVF (intra-cellular volume fraction) in anterior corona radiata (left) on FA (fractional anisotropy) skeleton (from dMRI data)","http://biobank.ndph.ox.ac.uk/ukb/field.cgi?id=25367"
"IDP-25368","dMRI","ICVF","right","superior corona radiata","Mean ICVF (intra-cellular volume fraction) in superior corona radiata (right) on FA (fractional anisotropy) skeleton (from dMRI data)","http://biobank.ndph.ox.ac.uk/ukb/field.cgi?id=25368"
"IDP-25369","dMRI","ICVF","left","superior corona radiata","Mean ICVF (intra-cellular volume fraction) in superior corona radiata (left) on FA (fractional anisotropy) skeleton (from dMRI data)","http://biobank.ndph.ox.ac.uk/ukb/field.cgi?id=25369"
"IDP-25370","dMRI","ICVF","right","posterior corona radiata","Mean ICVF (intra-cellular volume fraction) in posterior corona radiata (right) on FA (fractional anisotropy) skeleton (from dMRI data)","http://biobank.ndph.ox.ac.uk/ukb/field.cgi?id=25370"
"IDP-25371","dMRI","ICVF","left","posterior corona radiata","Mean ICVF (intra-cellular volume fraction) in posterior corona radiata (left) on FA (fractional anisotropy) skeleton (from dMRI data)","http://biobank.ndph.ox.ac.uk/ukb/field.cgi?id=25371"
"IDP-25372","dMRI","ICVF","right","posterior thalamic radiation","Mean ICVF (intra-cellular volume fraction) in posterior thalamic radiation (right) on FA (fractional anisotropy) skeleton (from dMRI data)","http://biobank.ndph.ox.ac.uk/ukb/field.cgi?id=25372"
"IDP-25373","dMRI","ICVF","left","posterior thalamic radiation","Mean ICVF (intra-cellular volume fraction) in posterior thalamic radiation (left) on FA (fractional anisotropy) skeleton (from dMRI data)","http://biobank.ndph.ox.ac.uk/ukb/field.cgi?id=25373"
"IDP-25374","dMRI","ICVF","right","sagittal stratum","Mean ICVF (intra-cellular volume fraction) in sagittal stratum (right) on FA (fractional anisotropy) skeleton (from dMRI data)","http://biobank.ndph.ox.ac.uk/ukb/field.cgi?id=25374"
"IDP-25375","dMRI","ICVF","left","sagittal stratum","Mean ICVF (intra-cellular volume fraction) in sagittal stratum (left) on FA (fractional anisotropy) skeleton (from dMRI data)","http://biobank.ndph.ox.ac.uk/ukb/field.cgi?id=25375"
"IDP-25376","dMRI","ICVF","right","external capsule","Mean ICVF (intra-cellular volume fraction) in external capsule (right) on FA (fractional anisotropy) skeleton (from dMRI data)","http://biobank.ndph.ox.ac.uk/ukb/field.cgi?id=25376"
"IDP-25377","dMRI","ICVF","left","external capsule","Mean ICVF (intra-cellular volume fraction) in external capsule (left) on FA (fractional anisotropy) skeleton (from dMRI data)","http://biobank.ndph.ox.ac.uk/ukb/field.cgi?id=25377"
"IDP-25378","dMRI","ICVF","right","cingulum cingulate gyrus","Mean ICVF (intra-cellular volume fraction) in cingulum cingulate gyrus (right) on FA (fractional anisotropy) skeleton (from dMRI data)","http://biobank.ndph.ox.ac.uk/ukb/field.cgi?id=25378"
"IDP-25379","dMRI","ICVF","left","cingulum cingulate gyrus","Mean ICVF (intra-cellular volume fraction) in cingulum cingulate gyrus (left) on FA (fractional anisotropy) skeleton (from dMRI data)","http://biobank.ndph.ox.ac.uk/ukb/field.cgi?id=25379"
"IDP-25380","dMRI","ICVF","right","cingulum hippocampus","Mean ICVF (intra-cellular volume fraction) in cingulum hippocampus (right) on FA (fractional anisotropy) skeleton (from dMRI data)","http://biobank.ndph.ox.ac.uk/ukb/field.cgi?id=25380"
"IDP-25381","dMRI","ICVF","left","cingulum hippocampus","Mean ICVF (intra-cellular volume fraction) in cingulum hippocampus (left) on FA (fractional anisotropy) skeleton (from dMRI data)","http://biobank.ndph.ox.ac.uk/ukb/field.cgi?id=25381"
"IDP-25382","dMRI","ICVF","right","fornix cres+stria terminalis","Mean ICVF (intra-cellular volume fraction) in fornix cres+stria terminalis (right) on FA (fractional anisotropy) skeleton (from dMRI data)","http://biobank.ndph.ox.ac.uk/ukb/field.cgi?id=25382"
"IDP-25383","dMRI","ICVF","left","fornix cres+stria terminalis","Mean ICVF (intra-cellular volume fraction) in fornix cres+stria terminalis (left) on FA (fractional anisotropy) skeleton (from dMRI data)","http://biobank.ndph.ox.ac.uk/ukb/field.cgi?id=25383"
"IDP-25384","dMRI","ICVF","right","superior longitudinal fasciculus","Mean ICVF (intra-cellular volume fraction) in superior longitudinal fasciculus (right) on FA (fractional anisotropy) skeleton (from dMRI data)","http://biobank.ndph.ox.ac.uk/ukb/field.cgi?id=25384"
"IDP-25385","dMRI","ICVF","left","superior longitudinal fasciculus","Mean ICVF (intra-cellular volume fraction) in superior longitudinal fasciculus (left) on FA (fractional anisotropy) skeleton (from dMRI data)","http://biobank.ndph.ox.ac.uk/ukb/field.cgi?id=25385"
"IDP-25386","dMRI","ICVF","right","superior fronto-occipital fasciculus","Mean ICVF (intra-cellular volume fraction) in superior fronto-occipital fasciculus (right) on FA (fractional anisotropy) skeleton (from dMRI data)","http://biobank.ndph.ox.ac.uk/ukb/field.cgi?id=25386"
"IDP-25387","dMRI","ICVF","left","superior fronto-occipital fasciculus","Mean ICVF (intra-cellular volume fraction) in superior fronto-occipital fasciculus (left) on FA (fractional anisotropy) skeleton (from dMRI data)","http://biobank.ndph.ox.ac.uk/ukb/field.cgi?id=25387"
"IDP-25388","dMRI","ICVF","right","uncinate fasciculus","Mean ICVF (intra-cellular volume fraction) in uncinate fasciculus (right) on FA (fractional anisotropy) skeleton (from dMRI data)","http://biobank.ndph.ox.ac.uk/ukb/field.cgi?id=25388"
"IDP-25389","dMRI","ICVF","left","uncinate fasciculus","Mean ICVF (intra-cellular volume fraction) in uncinate fasciculus (left) on FA (fractional anisotropy) skeleton (from dMRI data)","http://biobank.ndph.ox.ac.uk/ukb/field.cgi?id=25389"
"IDP-25390","dMRI","ICVF","right","tapetum","Mean ICVF (intra-cellular volume fraction) in tapetum (right) on FA (fractional anisotropy) skeleton (from dMRI data)","http://biobank.ndph.ox.ac.uk/ukb/field.cgi?id=25390"
"IDP-25391","dMRI","ICVF","left","tapetum","Mean ICVF (intra-cellular volume fraction) in tapetum (left) on FA (fractional anisotropy) skeleton (from dMRI data)","http://biobank.ndph.ox.ac.uk/ukb/field.cgi?id=25391"
"IDP-25392","dMRI","OD",NA,"middle cerebellar peduncle","Mean OD (orientation dispersion index) in middle cerebellar peduncle on FA (fractional anisotropy) skeleton (from dMRI data)","http://biobank.ndph.ox.ac.uk/ukb/field.cgi?id=25392"
"IDP-25393","dMRI","OD",NA,"pontine crossing tract","Mean OD (orientation dispersion index) in pontine crossing tract on FA (fractional anisotropy) skeleton (from dMRI data)","http://biobank.ndph.ox.ac.uk/ukb/field.cgi?id=25393"
"IDP-25394","dMRI","OD",NA,"genu of corpus callosum","Mean OD (orientation dispersion index) in genu of corpus callosum on FA (fractional anisotropy) skeleton (from dMRI data)","http://biobank.ndph.ox.ac.uk/ukb/field.cgi?id=25394"
"IDP-25395","dMRI","OD",NA,"body of corpus callosum","Mean OD (orientation dispersion index) in body of corpus callosum on FA (fractional anisotropy) skeleton (from dMRI data)","http://biobank.ndph.ox.ac.uk/ukb/field.cgi?id=25395"
"IDP-25396","dMRI","OD",NA,"splenium of corpus callosum","Mean OD (orientation dispersion index) in splenium of corpus callosum on FA (fractional anisotropy) skeleton (from dMRI data)","http://biobank.ndph.ox.ac.uk/ukb/field.cgi?id=25396"
"IDP-25397","dMRI","OD",NA,"fornix","Mean OD (orientation dispersion index) in fornix on FA (fractional anisotropy) skeleton (from dMRI data)","http://biobank.ndph.ox.ac.uk/ukb/field.cgi?id=25397"
"IDP-25398","dMRI","OD","right","corticospinal tract","Mean OD (orientation dispersion index) in corticospinal tract (right) on FA (fractional anisotropy) skeleton (from dMRI data)","http://biobank.ndph.ox.ac.uk/ukb/field.cgi?id=25398"
"IDP-25399","dMRI","OD","left","corticospinal tract","Mean OD (orientation dispersion index) in corticospinal tract (left) on FA (fractional anisotropy) skeleton (from dMRI data)","http://biobank.ndph.ox.ac.uk/ukb/field.cgi?id=25399"
"IDP-25400","dMRI","OD","right","medial lemniscus","Mean OD (orientation dispersion index) in medial lemniscus (right) on FA (fractional anisotropy) skeleton (from dMRI data)","http://biobank.ndph.ox.ac.uk/ukb/field.cgi?id=25400"
"IDP-25401","dMRI","OD","left","medial lemniscus","Mean OD (orientation dispersion index) in medial lemniscus (left) on FA (fractional anisotropy) skeleton (from dMRI data)","http://biobank.ndph.ox.ac.uk/ukb/field.cgi?id=25401"
"IDP-25402","dMRI","OD","right","inferior cerebellar peduncle","Mean OD (orientation dispersion index) in inferior cerebellar peduncle (right) on FA (fractional anisotropy) skeleton (from dMRI data)","http://biobank.ndph.ox.ac.uk/ukb/field.cgi?id=25402"
"IDP-25403","dMRI","OD","left","inferior cerebellar peduncle","Mean OD (orientation dispersion index) in inferior cerebellar peduncle (left) on FA (fractional anisotropy) skeleton (from dMRI data)","http://biobank.ndph.ox.ac.uk/ukb/field.cgi?id=25403"
"IDP-25404","dMRI","OD","right","superior cerebellar peduncle","Mean OD (orientation dispersion index) in superior cerebellar peduncle (right) on FA (fractional anisotropy) skeleton (from dMRI data)","http://biobank.ndph.ox.ac.uk/ukb/field.cgi?id=25404"
"IDP-25405","dMRI","OD","left","superior cerebellar peduncle","Mean OD (orientation dispersion index) in superior cerebellar peduncle (left) on FA (fractional anisotropy) skeleton (from dMRI data)","http://biobank.ndph.ox.ac.uk/ukb/field.cgi?id=25405"
"IDP-25406","dMRI","OD","right","cerebral peduncle","Mean OD (orientation dispersion index) in cerebral peduncle (right) on FA (fractional anisotropy) skeleton (from dMRI data)","http://biobank.ndph.ox.ac.uk/ukb/field.cgi?id=25406"
"IDP-25407","dMRI","OD","left","cerebral peduncle","Mean OD (orientation dispersion index) in cerebral peduncle (left) on FA (fractional anisotropy) skeleton (from dMRI data)","http://biobank.ndph.ox.ac.uk/ukb/field.cgi?id=25407"
"IDP-25408","dMRI","OD","right","anterior limb of internal capsule","Mean OD (orientation dispersion index) in anterior limb of internal capsule (right) on FA (fractional anisotropy) skeleton (from dMRI data)","http://biobank.ndph.ox.ac.uk/ukb/field.cgi?id=25408"
"IDP-25409","dMRI","OD","left","anterior limb of internal capsule","Mean OD (orientation dispersion index) in anterior limb of internal capsule (left) on FA (fractional anisotropy) skeleton (from dMRI data)","http://biobank.ndph.ox.ac.uk/ukb/field.cgi?id=25409"
"IDP-25410","dMRI","OD","right","posterior limb of internal capsule","Mean OD (orientation dispersion index) in posterior limb of internal capsule (right) on FA (fractional anisotropy) skeleton (from dMRI data)","http://biobank.ndph.ox.ac.uk/ukb/field.cgi?id=25410"
"IDP-25411","dMRI","OD","left","posterior limb of internal capsule","Mean OD (orientation dispersion index) in posterior limb of internal capsule (left) on FA (fractional anisotropy) skeleton (from dMRI data)","http://biobank.ndph.ox.ac.uk/ukb/field.cgi?id=25411"
"IDP-25412","dMRI","OD","right","retrolenticular part of internal capsule","Mean OD (orientation dispersion index) in retrolenticular part of internal capsule (right) on FA (fractional anisotropy) skeleton (from dMRI data)","http://biobank.ndph.ox.ac.uk/ukb/field.cgi?id=25412"
"IDP-25413","dMRI","OD","left","retrolenticular part of internal capsule","Mean OD (orientation dispersion index) in retrolenticular part of internal capsule (left) on FA (fractional anisotropy) skeleton (from dMRI data)","http://biobank.ndph.ox.ac.uk/ukb/field.cgi?id=25413"
"IDP-25414","dMRI","OD","right","anterior corona radiata","Mean OD (orientation dispersion index) in anterior corona radiata (right) on FA (fractional anisotropy) skeleton (from dMRI data)","http://biobank.ndph.ox.ac.uk/ukb/field.cgi?id=25414"
"IDP-25415","dMRI","OD","left","anterior corona radiata","Mean OD (orientation dispersion index) in anterior corona radiata (left) on FA (fractional anisotropy) skeleton (from dMRI data)","http://biobank.ndph.ox.ac.uk/ukb/field.cgi?id=25415"
"IDP-25416","dMRI","OD","right","superior corona radiata","Mean OD (orientation dispersion index) in superior corona radiata (right) on FA (fractional anisotropy) skeleton (from dMRI data)","http://biobank.ndph.ox.ac.uk/ukb/field.cgi?id=25416"
"IDP-25417","dMRI","OD","left","superior corona radiata","Mean OD (orientation dispersion index) in superior corona radiata (left) on FA (fractional anisotropy) skeleton (from dMRI data)","http://biobank.ndph.ox.ac.uk/ukb/field.cgi?id=25417"
"IDP-25418","dMRI","OD","right","posterior corona radiata","Mean OD (orientation dispersion index) in posterior corona radiata (right) on FA (fractional anisotropy) skeleton (from dMRI data)","http://biobank.ndph.ox.ac.uk/ukb/field.cgi?id=25418"
"IDP-25419","dMRI","OD","left","posterior corona radiata","Mean OD (orientation dispersion index) in posterior corona radiata (left) on FA (fractional anisotropy) skeleton (from dMRI data)","http://biobank.ndph.ox.ac.uk/ukb/field.cgi?id=25419"
"IDP-25420","dMRI","OD","right","posterior thalamic radiation","Mean OD (orientation dispersion index) in posterior thalamic radiation (right) on FA (fractional anisotropy) skeleton (from dMRI data)","http://biobank.ndph.ox.ac.uk/ukb/field.cgi?id=25420"
"IDP-25421","dMRI","OD","left","posterior thalamic radiation","Mean OD (orientation dispersion index) in posterior thalamic radiation (left) on FA (fractional anisotropy) skeleton (from dMRI data)","http://biobank.ndph.ox.ac.uk/ukb/field.cgi?id=25421"
"IDP-25422","dMRI","OD","right","sagittal stratum","Mean OD (orientation dispersion index) in sagittal stratum (right) on FA (fractional anisotropy) skeleton (from dMRI data)","http://biobank.ndph.ox.ac.uk/ukb/field.cgi?id=25422"
"IDP-25423","dMRI","OD","left","sagittal stratum","Mean OD (orientation dispersion index) in sagittal stratum (left) on FA (fractional anisotropy) skeleton (from dMRI data)","http://biobank.ndph.ox.ac.uk/ukb/field.cgi?id=25423"
"IDP-25424","dMRI","OD","right","external capsule","Mean OD (orientation dispersion index) in external capsule (right) on FA (fractional anisotropy) skeleton (from dMRI data)","http://biobank.ndph.ox.ac.uk/ukb/field.cgi?id=25424"
"IDP-25425","dMRI","OD","left","external capsule","Mean OD (orientation dispersion index) in external capsule (left) on FA (fractional anisotropy) skeleton (from dMRI data)","http://biobank.ndph.ox.ac.uk/ukb/field.cgi?id=25425"
"IDP-25426","dMRI","OD","right","cingulum cingulate gyrus","Mean OD (orientation dispersion index) in cingulum cingulate gyrus (right) on FA (fractional anisotropy) skeleton (from dMRI data)","http://biobank.ndph.ox.ac.uk/ukb/field.cgi?id=25426"
"IDP-25427","dMRI","OD","left","cingulum cingulate gyrus","Mean OD (orientation dispersion index) in cingulum cingulate gyrus (left) on FA (fractional anisotropy) skeleton (from dMRI data)","http://biobank.ndph.ox.ac.uk/ukb/field.cgi?id=25427"
"IDP-25428","dMRI","OD","right","cingulum hippocampus","Mean OD (orientation dispersion index) in cingulum hippocampus (right) on FA (fractional anisotropy) skeleton (from dMRI data)","http://biobank.ndph.ox.ac.uk/ukb/field.cgi?id=25428"
"IDP-25429","dMRI","OD","left","cingulum hippocampus","Mean OD (orientation dispersion index) in cingulum hippocampus (left) on FA (fractional anisotropy) skeleton (from dMRI data)","http://biobank.ndph.ox.ac.uk/ukb/field.cgi?id=25429"
"IDP-25430","dMRI","OD","right","fornix cres+stria terminalis","Mean OD (orientation dispersion index) in fornix cres+stria terminalis (right) on FA (fractional anisotropy) skeleton (from dMRI data)","http://biobank.ndph.ox.ac.uk/ukb/field.cgi?id=25430"
"IDP-25431","dMRI","OD","left","fornix cres+stria terminalis","Mean OD (orientation dispersion index) in fornix cres+stria terminalis (left) on FA (fractional anisotropy) skeleton (from dMRI data)","http://biobank.ndph.ox.ac.uk/ukb/field.cgi?id=25431"
"IDP-25432","dMRI","OD","right","superior longitudinal fasciculus","Mean OD (orientation dispersion index) in superior longitudinal fasciculus (right) on FA (fractional anisotropy) skeleton (from dMRI data)","http://biobank.ndph.ox.ac.uk/ukb/field.cgi?id=25432"
"IDP-25433","dMRI","OD","left","superior longitudinal fasciculus","Mean OD (orientation dispersion index) in superior longitudinal fasciculus (left) on FA (fractional anisotropy) skeleton (from dMRI data)","http://biobank.ndph.ox.ac.uk/ukb/field.cgi?id=25433"
"IDP-25434","dMRI","OD","right","superior fronto-occipital fasciculus","Mean OD (orientation dispersion index) in superior fronto-occipital fasciculus (right) on FA (fractional anisotropy) skeleton (from dMRI data)","http://biobank.ndph.ox.ac.uk/ukb/field.cgi?id=25434"
"IDP-25435","dMRI","OD","left","superior fronto-occipital fasciculus","Mean OD (orientation dispersion index) in superior fronto-occipital fasciculus (left) on FA (fractional anisotropy) skeleton (from dMRI data)","http://biobank.ndph.ox.ac.uk/ukb/field.cgi?id=25435"
"IDP-25436","dMRI","OD","right","uncinate fasciculus","Mean OD (orientation dispersion index) in uncinate fasciculus (right) on FA (fractional anisotropy) skeleton (from dMRI data)","http://biobank.ndph.ox.ac.uk/ukb/field.cgi?id=25436"
"IDP-25437","dMRI","OD","left","uncinate fasciculus","Mean OD (orientation dispersion index) in uncinate fasciculus (left) on FA (fractional anisotropy) skeleton (from dMRI data)","http://biobank.ndph.ox.ac.uk/ukb/field.cgi?id=25437"
"IDP-25438","dMRI","OD","right","tapetum","Mean OD (orientation dispersion index) in tapetum (right) on FA (fractional anisotropy) skeleton (from dMRI data)","http://biobank.ndph.ox.ac.uk/ukb/field.cgi?id=25438"
"IDP-25439","dMRI","OD","left","tapetum","Mean OD (orientation dispersion index) in tapetum (left) on FA (fractional anisotropy) skeleton (from dMRI data)","http://biobank.ndph.ox.ac.uk/ukb/field.cgi?id=25439"
"IDP-25440","dMRI","ISOVF",NA,"middle cerebellar peduncle","Mean ISOVF (isotropic or free water volume fraction) in middle cerebellar peduncle on FA (fractional anisotropy) skeleton (from dMRI data)","http://biobank.ndph.ox.ac.uk/ukb/field.cgi?id=25440"
"IDP-25441","dMRI","ISOVF",NA,"pontine crossing tract","Mean ISOVF (isotropic or free water volume fraction) in pontine crossing tract on FA (fractional anisotropy) skeleton (from dMRI data)","http://biobank.ndph.ox.ac.uk/ukb/field.cgi?id=25441"
"IDP-25442","dMRI","ISOVF",NA,"genu of corpus callosum","Mean ISOVF (isotropic or free water volume fraction) in genu of corpus callosum on FA (fractional anisotropy) skeleton (from dMRI data)","http://biobank.ndph.ox.ac.uk/ukb/field.cgi?id=25442"
"IDP-25443","dMRI","ISOVF",NA,"body of corpus callosum","Mean ISOVF (isotropic or free water volume fraction) in body of corpus callosum on FA (fractional anisotropy) skeleton (from dMRI data)","http://biobank.ndph.ox.ac.uk/ukb/field.cgi?id=25443"
"IDP-25444","dMRI","ISOVF",NA,"splenium of corpus callosum","Mean ISOVF (isotropic or free water volume fraction) in splenium of corpus callosum on FA (fractional anisotropy) skeleton (from dMRI data)","http://biobank.ndph.ox.ac.uk/ukb/field.cgi?id=25444"
"IDP-25445","dMRI","ISOVF",NA,"fornix","Mean ISOVF (isotropic or free water volume fraction) in fornix on FA (fractional anisotropy) skeleton (from dMRI data)","http://biobank.ndph.ox.ac.uk/ukb/field.cgi?id=25445"
"IDP-25446","dMRI","ISOVF","right","corticospinal tract","Mean ISOVF (isotropic or free water volume fraction) in corticospinal tract (right) on FA (fractional anisotropy) skeleton (from dMRI data)","http://biobank.ndph.ox.ac.uk/ukb/field.cgi?id=25446"
"IDP-25447","dMRI","ISOVF","left","corticospinal tract","Mean ISOVF (isotropic or free water volume fraction) in corticospinal tract (left) on FA (fractional anisotropy) skeleton (from dMRI data)","http://biobank.ndph.ox.ac.uk/ukb/field.cgi?id=25447"
"IDP-25448","dMRI","ISOVF","right","medial lemniscus","Mean ISOVF (isotropic or free water volume fraction) in medial lemniscus (right) on FA (fractional anisotropy) skeleton (from dMRI data)","http://biobank.ndph.ox.ac.uk/ukb/field.cgi?id=25448"
"IDP-25449","dMRI","ISOVF","left","medial lemniscus","Mean ISOVF (isotropic or free water volume fraction) in medial lemniscus (left) on FA (fractional anisotropy) skeleton (from dMRI data)","http://biobank.ndph.ox.ac.uk/ukb/field.cgi?id=25449"
"IDP-25450","dMRI","ISOVF","right","inferior cerebellar peduncle","Mean ISOVF (isotropic or free water volume fraction) in inferior cerebellar peduncle (right) on FA (fractional anisotropy) skeleton (from dMRI data)","http://biobank.ndph.ox.ac.uk/ukb/field.cgi?id=25450"
"IDP-25451","dMRI","ISOVF","left","inferior cerebellar peduncle","Mean ISOVF (isotropic or free water volume fraction) in inferior cerebellar peduncle (left) on FA (fractional anisotropy) skeleton (from dMRI data)","http://biobank.ndph.ox.ac.uk/ukb/field.cgi?id=25451"
"IDP-25452","dMRI","ISOVF","right","superior cerebellar peduncle","Mean ISOVF (isotropic or free water volume fraction) in superior cerebellar peduncle (right) on FA (fractional anisotropy) skeleton (from dMRI data)","http://biobank.ndph.ox.ac.uk/ukb/field.cgi?id=25452"
"IDP-25453","dMRI","ISOVF","left","superior cerebellar peduncle","Mean ISOVF (isotropic or free water volume fraction) in superior cerebellar peduncle (left) on FA (fractional anisotropy) skeleton (from dMRI data)","http://biobank.ndph.ox.ac.uk/ukb/field.cgi?id=25453"
"IDP-25454","dMRI","ISOVF","right","cerebral peduncle","Mean ISOVF (isotropic or free water volume fraction) in cerebral peduncle (right) on FA (fractional anisotropy) skeleton (from dMRI data)","http://biobank.ndph.ox.ac.uk/ukb/field.cgi?id=25454"
"IDP-25455","dMRI","ISOVF","left","cerebral peduncle","Mean ISOVF (isotropic or free water volume fraction) in cerebral peduncle (left) on FA (fractional anisotropy) skeleton (from dMRI data)","http://biobank.ndph.ox.ac.uk/ukb/field.cgi?id=25455"
"IDP-25456","dMRI","ISOVF","right","anterior limb of internal capsule","Mean ISOVF (isotropic or free water volume fraction) in anterior limb of internal capsule (right) on FA (fractional anisotropy) skeleton (from dMRI da","http://biobank.ndph.ox.ac.uk/ukb/field.cgi?id=25456"
"IDP-25457","dMRI","ISOVF","left","anterior limb of internal capsule","Mean ISOVF (isotropic or free water volume fraction) in anterior limb of internal capsule (left) on FA (fractional anisotropy) skeleton (from dMRI dat","http://biobank.ndph.ox.ac.uk/ukb/field.cgi?id=25457"
"IDP-25458","dMRI","ISOVF","right","posterior limb of internal capsule","Mean ISOVF (isotropic or free water volume fraction) in posterior limb of internal capsule (right) on FA (fractional anisotropy) skeleton (from dMRI d","http://biobank.ndph.ox.ac.uk/ukb/field.cgi?id=25458"
"IDP-25459","dMRI","ISOVF","left","posterior limb of internal capsule","Mean ISOVF (isotropic or free water volume fraction) in posterior limb of internal capsule (left) on FA (fractional anisotropy) skeleton (from dMRI da","http://biobank.ndph.ox.ac.uk/ukb/field.cgi?id=25459"
"IDP-25460","dMRI","ISOVF","right","retrolenticular part of internal capsule","Mean ISOVF (isotropic or free water volume fraction) in retrolenticular part of internal capsule (right) on FA (fractional anisotropy) skeleton (from","http://biobank.ndph.ox.ac.uk/ukb/field.cgi?id=25460"
"IDP-25461","dMRI","ISOVF","left","retrolenticular part of internal capsule","Mean ISOVF (isotropic or free water volume fraction) in retrolenticular part of internal capsule (left) on FA (fractional anisotropy) skeleton (from d","http://biobank.ndph.ox.ac.uk/ukb/field.cgi?id=25461"
"IDP-25462","dMRI","ISOVF","right","anterior corona radiata","Mean ISOVF (isotropic or free water volume fraction) in anterior corona radiata (right) on FA (fractional anisotropy) skeleton (from dMRI data)","http://biobank.ndph.ox.ac.uk/ukb/field.cgi?id=25462"
"IDP-25463","dMRI","ISOVF","left","anterior corona radiata","Mean ISOVF (isotropic or free water volume fraction) in anterior corona radiata (left) on FA (fractional anisotropy) skeleton (from dMRI data)","http://biobank.ndph.ox.ac.uk/ukb/field.cgi?id=25463"
"IDP-25464","dMRI","ISOVF","right","superior corona radiata","Mean ISOVF (isotropic or free water volume fraction) in superior corona radiata (right) on FA (fractional anisotropy) skeleton (from dMRI data)","http://biobank.ndph.ox.ac.uk/ukb/field.cgi?id=25464"
"IDP-25465","dMRI","ISOVF","left","superior corona radiata","Mean ISOVF (isotropic or free water volume fraction) in superior corona radiata (left) on FA (fractional anisotropy) skeleton (from dMRI data)","http://biobank.ndph.ox.ac.uk/ukb/field.cgi?id=25465"
"IDP-25466","dMRI","ISOVF","right","posterior corona radiata","Mean ISOVF (isotropic or free water volume fraction) in posterior corona radiata (right) on FA (fractional anisotropy) skeleton (from dMRI data)","http://biobank.ndph.ox.ac.uk/ukb/field.cgi?id=25466"
"IDP-25467","dMRI","ISOVF","left","posterior corona radiata","Mean ISOVF (isotropic or free water volume fraction) in posterior corona radiata (left) on FA (fractional anisotropy) skeleton (from dMRI data)","http://biobank.ndph.ox.ac.uk/ukb/field.cgi?id=25467"
"IDP-25468","dMRI","ISOVF","right","posterior thalamic radiation","Mean ISOVF (isotropic or free water volume fraction) in posterior thalamic radiation (right) on FA (fractional anisotropy) skeleton (from dMRI data)","http://biobank.ndph.ox.ac.uk/ukb/field.cgi?id=25468"
"IDP-25469","dMRI","ISOVF","left","posterior thalamic radiation","Mean ISOVF (isotropic or free water volume fraction) in posterior thalamic radiation (left) on FA (fractional anisotropy) skeleton (from dMRI data)","http://biobank.ndph.ox.ac.uk/ukb/field.cgi?id=25469"
"IDP-25470","dMRI","ISOVF","right","sagittal stratum","Mean ISOVF (isotropic or free water volume fraction) in sagittal stratum (right) on FA (fractional anisotropy) skeleton (from dMRI data)","http://biobank.ndph.ox.ac.uk/ukb/field.cgi?id=25470"
"IDP-25471","dMRI","ISOVF","left","sagittal stratum","Mean ISOVF (isotropic or free water volume fraction) in sagittal stratum (left) on FA (fractional anisotropy) skeleton (from dMRI data)","http://biobank.ndph.ox.ac.uk/ukb/field.cgi?id=25471"
"IDP-25472","dMRI","ISOVF","right","external capsule","Mean ISOVF (isotropic or free water volume fraction) in external capsule (right) on FA (fractional anisotropy) skeleton (from dMRI data)","http://biobank.ndph.ox.ac.uk/ukb/field.cgi?id=25472"
"IDP-25473","dMRI","ISOVF","left","external capsule","Mean ISOVF (isotropic or free water volume fraction) in external capsule (left) on FA (fractional anisotropy) skeleton (from dMRI data)","http://biobank.ndph.ox.ac.uk/ukb/field.cgi?id=25473"
"IDP-25474","dMRI","ISOVF","right","cingulum cingulate gyrus","Mean ISOVF (isotropic or free water volume fraction) in cingulum cingulate gyrus (right) on FA (fractional anisotropy) skeleton (from dMRI data)","http://biobank.ndph.ox.ac.uk/ukb/field.cgi?id=25474"
"IDP-25475","dMRI","ISOVF","left","cingulum cingulate gyrus","Mean ISOVF (isotropic or free water volume fraction) in cingulum cingulate gyrus (left) on FA (fractional anisotropy) skeleton (from dMRI data)","http://biobank.ndph.ox.ac.uk/ukb/field.cgi?id=25475"
"IDP-25476","dMRI","ISOVF","right","cingulum hippocampus","Mean ISOVF (isotropic or free water volume fraction) in cingulum hippocampus (right) on FA (fractional anisotropy) skeleton (from dMRI data)","http://biobank.ndph.ox.ac.uk/ukb/field.cgi?id=25476"
"IDP-25477","dMRI","ISOVF","left","cingulum hippocampus","Mean ISOVF (isotropic or free water volume fraction) in cingulum hippocampus (left) on FA (fractional anisotropy) skeleton (from dMRI data)","http://biobank.ndph.ox.ac.uk/ukb/field.cgi?id=25477"
"IDP-25478","dMRI","ISOVF","right","fornix cres+stria terminalis","Mean ISOVF (isotropic or free water volume fraction) in fornix cres+stria terminalis (right) on FA (fractional anisotropy) skeleton (from dMRI data)","http://biobank.ndph.ox.ac.uk/ukb/field.cgi?id=25478"
"IDP-25479","dMRI","ISOVF","left","fornix cres+stria terminalis","Mean ISOVF (isotropic or free water volume fraction) in fornix cres+stria terminalis (left) on FA (fractional anisotropy) skeleton (from dMRI data)","http://biobank.ndph.ox.ac.uk/ukb/field.cgi?id=25479"
"IDP-25480","dMRI","ISOVF","right","superior longitudinal fasciculus","Mean ISOVF (isotropic or free water volume fraction) in superior longitudinal fasciculus (right) on FA (fractional anisotropy) skeleton (from dMRI dat","http://biobank.ndph.ox.ac.uk/ukb/field.cgi?id=25480"
"IDP-25481","dMRI","ISOVF","left","superior longitudinal fasciculus","Mean ISOVF (isotropic or free water volume fraction) in superior longitudinal fasciculus (left) on FA (fractional anisotropy) skeleton (from dMRI data","http://biobank.ndph.ox.ac.uk/ukb/field.cgi?id=25481"
"IDP-25482","dMRI","ISOVF","right","superior fronto-occipital fasciculus","Mean ISOVF (isotropic or free water volume fraction) in superior fronto-occipital fasciculus (right) on FA (fractional anisotropy) skeleton (from dMRI","http://biobank.ndph.ox.ac.uk/ukb/field.cgi?id=25482"
"IDP-25483","dMRI","ISOVF","left","superior fronto-occipital fasciculus","Mean ISOVF (isotropic or free water volume fraction) in superior fronto-occipital fasciculus (left) on FA (fractional anisotropy) skeleton (from dMRI","http://biobank.ndph.ox.ac.uk/ukb/field.cgi?id=25483"
"IDP-25484","dMRI","ISOVF","right","uncinate fasciculus","Mean ISOVF (isotropic or free water volume fraction) in uncinate fasciculus (right) on FA (fractional anisotropy) skeleton (from dMRI data)","http://biobank.ndph.ox.ac.uk/ukb/field.cgi?id=25484"
"IDP-25485","dMRI","ISOVF","left","uncinate fasciculus","Mean ISOVF (isotropic or free water volume fraction) in uncinate fasciculus (left) on FA (fractional anisotropy) skeleton (from dMRI data)","http://biobank.ndph.ox.ac.uk/ukb/field.cgi?id=25485"
"IDP-25486","dMRI","ISOVF","right","tapetum","Mean ISOVF (isotropic or free water volume fraction) in tapetum (right) on FA (fractional anisotropy) skeleton (from dMRI data)","http://biobank.ndph.ox.ac.uk/ukb/field.cgi?id=25486"
"IDP-25487","dMRI","ISOVF","left","tapetum","Mean ISOVF (isotropic or free water volume fraction) in tapetum (left) on FA (fractional anisotropy) skeleton (from dMRI data)","http://biobank.ndph.ox.ac.uk/ukb/field.cgi?id=25487"
"IDP-25488","dMRI","w-FA","left","acoustic radiation","Weighted-mean FA (fractional anisotropy) in tract left acoustic radiation (from dMRI data)","http://biobank.ndph.ox.ac.uk/ukb/field.cgi?id=25488"
"IDP-25489","dMRI","w-FA","right","acoustic radiation","Weighted-mean FA (fractional anisotropy) in tract right acoustic radiation (from dMRI data)","http://biobank.ndph.ox.ac.uk/ukb/field.cgi?id=25489"
"IDP-25490","dMRI","w-FA","left","anterior thalamic radiation","Weighted-mean FA (fractional anisotropy) in tract left anterior thalamic radiation (from dMRI data)","http://biobank.ndph.ox.ac.uk/ukb/field.cgi?id=25490"
"IDP-25491","dMRI","w-FA","right","anterior thalamic radiation","Weighted-mean FA (fractional anisotropy) in tract right anterior thalamic radiation (from dMRI data)","http://biobank.ndph.ox.ac.uk/ukb/field.cgi?id=25491"
"IDP-25492","dMRI","w-FA","left","cingulate gyrus part of cingulum","Weighted-mean FA (fractional anisotropy) in tract left cingulate gyrus part of cingulum (from dMRI data)","http://biobank.ndph.ox.ac.uk/ukb/field.cgi?id=25492"
"IDP-25493","dMRI","w-FA","right","cingulate gyrus part of cingulum","Weighted-mean FA (fractional anisotropy) in tract right cingulate gyrus part of cingulum (from dMRI data)","http://biobank.ndph.ox.ac.uk/ukb/field.cgi?id=25493"
"IDP-25494","dMRI","w-FA","left","parahippocampal part of cingulum","Weighted-mean FA (fractional anisotropy) in tract left parahippocampal part of cingulum (from dMRI data)","http://biobank.ndph.ox.ac.uk/ukb/field.cgi?id=25494"
"IDP-25495","dMRI","w-FA","right","parahippocampal part of cingulum","Weighted-mean FA (fractional anisotropy) in tract right parahippocampal part of cingulum (from dMRI data)","http://biobank.ndph.ox.ac.uk/ukb/field.cgi?id=25495"
"IDP-25496","dMRI","w-FA","left","corticospinal tract","Weighted-mean FA (fractional anisotropy) in tract left corticospinal tract (from dMRI data)","http://biobank.ndph.ox.ac.uk/ukb/field.cgi?id=25496"
"IDP-25497","dMRI","w-FA","right","corticospinal tract","Weighted-mean FA (fractional anisotropy) in tract right corticospinal tract (from dMRI data)","http://biobank.ndph.ox.ac.uk/ukb/field.cgi?id=25497"
"IDP-25498","dMRI","w-FA",NA,"forceps major","Weighted-mean FA (fractional anisotropy) in tract forceps major (from dMRI data)","http://biobank.ndph.ox.ac.uk/ukb/field.cgi?id=25498"
"IDP-25499","dMRI","w-FA",NA,"forceps minor","Weighted-mean FA (fractional anisotropy) in tract forceps minor (from dMRI data)","http://biobank.ndph.ox.ac.uk/ukb/field.cgi?id=25499"
"IDP-25500","dMRI","w-FA","left","inferior fronto-occipital fasciculus","Weighted-mean FA (fractional anisotropy) in tract left inferior fronto-occipital fasciculus (from dMRI data)","http://biobank.ndph.ox.ac.uk/ukb/field.cgi?id=25500"
"IDP-25501","dMRI","w-FA","right","inferior fronto-occipital fasciculus","Weighted-mean FA (fractional anisotropy) in tract right inferior fronto-occipital fasciculus (from dMRI data)","http://biobank.ndph.ox.ac.uk/ukb/field.cgi?id=25501"
"IDP-25502","dMRI","w-FA","left","inferior longitudinal fasciculus","Weighted-mean FA (fractional anisotropy) in tract left inferior longitudinal fasciculus (from dMRI data)","http://biobank.ndph.ox.ac.uk/ukb/field.cgi?id=25502"
"IDP-25503","dMRI","w-FA","right","inferior longitudinal fasciculus","Weighted-mean FA (fractional anisotropy) in tract right inferior longitudinal fasciculus (from dMRI data)","http://biobank.ndph.ox.ac.uk/ukb/field.cgi?id=25503"
"IDP-25504","dMRI","w-FA",NA,"middle cerebellar peduncle","Weighted-mean FA (fractional anisotropy) in tract middle cerebellar peduncle (from dMRI data)","http://biobank.ndph.ox.ac.uk/ukb/field.cgi?id=25504"
"IDP-25505","dMRI","w-FA","left","medial lemniscus","Weighted-mean FA (fractional anisotropy) in tract left medial lemniscus (from dMRI data)","http://biobank.ndph.ox.ac.uk/ukb/field.cgi?id=25505"
"IDP-25506","dMRI","w-FA","right","medial lemniscus","Weighted-mean FA (fractional anisotropy) in tract right medial lemniscus (from dMRI data)","http://biobank.ndph.ox.ac.uk/ukb/field.cgi?id=25506"
"IDP-25507","dMRI","w-FA","left","posterior thalamic radiation","Weighted-mean FA (fractional anisotropy) in tract left posterior thalamic radiation (from dMRI data)","http://biobank.ndph.ox.ac.uk/ukb/field.cgi?id=25507"
"IDP-25508","dMRI","w-FA","right","posterior thalamic radiation","Weighted-mean FA (fractional anisotropy) in tract right posterior thalamic radiation (from dMRI data)","http://biobank.ndph.ox.ac.uk/ukb/field.cgi?id=25508"
"IDP-25509","dMRI","w-FA","left","superior longitudinal fasciculus","Weighted-mean FA (fractional anisotropy) in tract left superior longitudinal fasciculus (from dMRI data)","http://biobank.ndph.ox.ac.uk/ukb/field.cgi?id=25509"
"IDP-25510","dMRI","w-FA","right","superior longitudinal fasciculus","Weighted-mean FA (fractional anisotropy) in tract right superior longitudinal fasciculus (from dMRI data)","http://biobank.ndph.ox.ac.uk/ukb/field.cgi?id=25510"
"IDP-25511","dMRI","w-FA","left","superior thalamic radiation","Weighted-mean FA (fractional anisotropy) in tract left superior thalamic radiation (from dMRI data)","http://biobank.ndph.ox.ac.uk/ukb/field.cgi?id=25511"
"IDP-25512","dMRI","w-FA","right","superior thalamic radiation","Weighted-mean FA (fractional anisotropy) in tract right superior thalamic radiation (from dMRI data)","http://biobank.ndph.ox.ac.uk/ukb/field.cgi?id=25512"
"IDP-25513","dMRI","w-FA","left","uncinate fasciculus","Weighted-mean FA (fractional anisotropy) in tract left uncinate fasciculus (from dMRI data)","http://biobank.ndph.ox.ac.uk/ukb/field.cgi?id=25513"
"IDP-25514","dMRI","w-FA","right","uncinate fasciculus","Weighted-mean FA (fractional anisotropy) in tract right uncinate fasciculus (from dMRI data)","http://biobank.ndph.ox.ac.uk/ukb/field.cgi?id=25514"
"IDP-25650","dMRI","w-ICVF","left","acoustic radiation","Weighted-mean ICVF (intra-cellular volume fraction) in tract left acoustic radiation (from dMRI data)","http://biobank.ndph.ox.ac.uk/ukb/field.cgi?id=25650"
"IDP-25651","dMRI","w-ICVF","right","acoustic radiation","Weighted-mean ICVF (intra-cellular volume fraction) in tract right acoustic radiation (from dMRI data)","http://biobank.ndph.ox.ac.uk/ukb/field.cgi?id=25651"
"IDP-25652","dMRI","w-ICVF","left","anterior thalamic radiation","Weighted-mean ICVF (intra-cellular volume fraction) in tract left anterior thalamic radiation (from dMRI data)","http://biobank.ndph.ox.ac.uk/ukb/field.cgi?id=25652"
"IDP-25653","dMRI","w-ICVF","right","anterior thalamic radiation","Weighted-mean ICVF (intra-cellular volume fraction) in tract right anterior thalamic radiation (from dMRI data)","http://biobank.ndph.ox.ac.uk/ukb/field.cgi?id=25653"
"IDP-25654","dMRI","w-ICVF","left","cingulate gyrus part of cingulum","Weighted-mean ICVF (intra-cellular volume fraction) in tract left cingulate gyrus part of cingulum (from dMRI data)","http://biobank.ndph.ox.ac.uk/ukb/field.cgi?id=25654"
"IDP-25655","dMRI","w-ICVF","right","cingulate gyrus part of cingulum","Weighted-mean ICVF (intra-cellular volume fraction) in tract right cingulate gyrus part of cingulum (from dMRI data)","http://biobank.ndph.ox.ac.uk/ukb/field.cgi?id=25655"
"IDP-25656","dMRI","w-ICVF","left","parahippocampal part of cingulum","Weighted-mean ICVF (intra-cellular volume fraction) in tract left parahippocampal part of cingulum (from dMRI data)","http://biobank.ndph.ox.ac.uk/ukb/field.cgi?id=25656"
"IDP-25657","dMRI","w-ICVF","right","parahippocampal part of cingulum","Weighted-mean ICVF (intra-cellular volume fraction) in tract right parahippocampal part of cingulum (from dMRI data)","http://biobank.ndph.ox.ac.uk/ukb/field.cgi?id=25657"
"IDP-25658","dMRI","w-ICVF","left","corticospinal tract","Weighted-mean ICVF (intra-cellular volume fraction) in tract left corticospinal tract (from dMRI data)","http://biobank.ndph.ox.ac.uk/ukb/field.cgi?id=25658"
"IDP-25659","dMRI","w-ICVF","right","corticospinal tract","Weighted-mean ICVF (intra-cellular volume fraction) in tract right corticospinal tract (from dMRI data)","http://biobank.ndph.ox.ac.uk/ukb/field.cgi?id=25659"
"IDP-25660","dMRI","w-ICVF",NA,"forceps major","Weighted-mean ICVF (intra-cellular volume fraction) in tract forceps major (from dMRI data)","http://biobank.ndph.ox.ac.uk/ukb/field.cgi?id=25660"
"IDP-25661","dMRI","w-ICVF",NA,"forceps minor","Weighted-mean ICVF (intra-cellular volume fraction) in tract forceps minor (from dMRI data)","http://biobank.ndph.ox.ac.uk/ukb/field.cgi?id=25661"
"IDP-25662","dMRI","w-ICVF","left","inferior fronto-occipital fasciculus","Weighted-mean ICVF (intra-cellular volume fraction) in tract left inferior fronto-occipital fasciculus (from dMRI data)","http://biobank.ndph.ox.ac.uk/ukb/field.cgi?id=25662"
"IDP-25663","dMRI","w-ICVF","right","inferior fronto-occipital fasciculus","Weighted-mean ICVF (intra-cellular volume fraction) in tract right inferior fronto-occipital fasciculus (from dMRI data)","http://biobank.ndph.ox.ac.uk/ukb/field.cgi?id=25663"
"IDP-25664","dMRI","w-ICVF","left","inferior longitudinal fasciculus","Weighted-mean ICVF (intra-cellular volume fraction) in tract left inferior longitudinal fasciculus (from dMRI data)","http://biobank.ndph.ox.ac.uk/ukb/field.cgi?id=25664"
"IDP-25665","dMRI","w-ICVF","right","inferior longitudinal fasciculus","Weighted-mean ICVF (intra-cellular volume fraction) in tract right inferior longitudinal fasciculus (from dMRI data)","http://biobank.ndph.ox.ac.uk/ukb/field.cgi?id=25665"
"IDP-25666","dMRI","w-ICVF",NA,"middle cerebellar peduncle","Weighted-mean ICVF (intra-cellular volume fraction) in tract middle cerebellar peduncle (from dMRI data)","http://biobank.ndph.ox.ac.uk/ukb/field.cgi?id=25666"
"IDP-25667","dMRI","w-ICVF","left","medial lemniscus","Weighted-mean ICVF (intra-cellular volume fraction) in tract left medial lemniscus (from dMRI data)","http://biobank.ndph.ox.ac.uk/ukb/field.cgi?id=25667"
"IDP-25668","dMRI","w-ICVF","right","medial lemniscus","Weighted-mean ICVF (intra-cellular volume fraction) in tract right medial lemniscus (from dMRI data)","http://biobank.ndph.ox.ac.uk/ukb/field.cgi?id=25668"
"IDP-25669","dMRI","w-ICVF","left","posterior thalamic radiation","Weighted-mean ICVF (intra-cellular volume fraction) in tract left posterior thalamic radiation (from dMRI data)","http://biobank.ndph.ox.ac.uk/ukb/field.cgi?id=25669"
"IDP-25670","dMRI","w-ICVF","right","posterior thalamic radiation","Weighted-mean ICVF (intra-cellular volume fraction) in tract right posterior thalamic radiation (from dMRI data)","http://biobank.ndph.ox.ac.uk/ukb/field.cgi?id=25670"
"IDP-25671","dMRI","w-ICVF","left","superior longitudinal fasciculus","Weighted-mean ICVF (intra-cellular volume fraction) in tract left superior longitudinal fasciculus (from dMRI data)","http://biobank.ndph.ox.ac.uk/ukb/field.cgi?id=25671"
"IDP-25672","dMRI","w-ICVF","right","superior longitudinal fasciculus","Weighted-mean ICVF (intra-cellular volume fraction) in tract right superior longitudinal fasciculus (from dMRI data)","http://biobank.ndph.ox.ac.uk/ukb/field.cgi?id=25672"
"IDP-25673","dMRI","w-ICVF","left","superior thalamic radiation","Weighted-mean ICVF (intra-cellular volume fraction) in tract left superior thalamic radiation (from dMRI data)","http://biobank.ndph.ox.ac.uk/ukb/field.cgi?id=25673"
"IDP-25674","dMRI","w-ICVF","right","superior thalamic radiation","Weighted-mean ICVF (intra-cellular volume fraction) in tract right superior thalamic radiation (from dMRI data)","http://biobank.ndph.ox.ac.uk/ukb/field.cgi?id=25674"
"IDP-25675","dMRI","w-ICVF","left","uncinate fasciculus","Weighted-mean ICVF (intra-cellular volume fraction) in tract left uncinate fasciculus (from dMRI data)","http://biobank.ndph.ox.ac.uk/ukb/field.cgi?id=25675"
"IDP-25676","dMRI","w-ICVF","right","uncinate fasciculus","Weighted-mean ICVF (intra-cellular volume fraction) in tract right uncinate fasciculus (from dMRI data)","http://biobank.ndph.ox.ac.uk/ukb/field.cgi?id=25676"
"IDP-25677","dMRI","w-OD","left","acoustic radiation","Weighted-mean OD (orientation dispersion index) in tract left acoustic radiation (from dMRI data)","http://biobank.ndph.ox.ac.uk/ukb/field.cgi?id=25677"
"IDP-25678","dMRI","w-OD","right","acoustic radiation","Weighted-mean OD (orientation dispersion index) in tract right acoustic radiation (from dMRI data)","http://biobank.ndph.ox.ac.uk/ukb/field.cgi?id=25678"
"IDP-25679","dMRI","w-OD","left","anterior thalamic radiation","Weighted-mean OD (orientation dispersion index) in tract left anterior thalamic radiation (from dMRI data)","http://biobank.ndph.ox.ac.uk/ukb/field.cgi?id=25679"
"IDP-25680","dMRI","w-OD","right","anterior thalamic radiation","Weighted-mean OD (orientation dispersion index) in tract right anterior thalamic radiation (from dMRI data)","http://biobank.ndph.ox.ac.uk/ukb/field.cgi?id=25680"
"IDP-25681","dMRI","w-OD","left","cingulate gyrus part of cingulum","Weighted-mean OD (orientation dispersion index) in tract left cingulate gyrus part of cingulum (from dMRI data)","http://biobank.ndph.ox.ac.uk/ukb/field.cgi?id=25681"
"IDP-25682","dMRI","w-OD","right","cingulate gyrus part of cingulum","Weighted-mean OD (orientation dispersion index) in tract right cingulate gyrus part of cingulum (from dMRI data)","http://biobank.ndph.ox.ac.uk/ukb/field.cgi?id=25682"
"IDP-25683","dMRI","w-OD","left","parahippocampal part of cingulum","Weighted-mean OD (orientation dispersion index) in tract left parahippocampal part of cingulum (from dMRI data)","http://biobank.ndph.ox.ac.uk/ukb/field.cgi?id=25683"
"IDP-25684","dMRI","w-OD","right","parahippocampal part of cingulum","Weighted-mean OD (orientation dispersion index) in tract right parahippocampal part of cingulum (from dMRI data)","http://biobank.ndph.ox.ac.uk/ukb/field.cgi?id=25684"
"IDP-25685","dMRI","w-OD","left","corticospinal tract","Weighted-mean OD (orientation dispersion index) in tract left corticospinal tract (from dMRI data)","http://biobank.ndph.ox.ac.uk/ukb/field.cgi?id=25685"
"IDP-25686","dMRI","w-OD","right","corticospinal tract","Weighted-mean OD (orientation dispersion index) in tract right corticospinal tract (from dMRI data)","http://biobank.ndph.ox.ac.uk/ukb/field.cgi?id=25686"
"IDP-25687","dMRI","w-OD",NA,"forceps major","Weighted-mean OD (orientation dispersion index) in tract forceps major (from dMRI data)","http://biobank.ndph.ox.ac.uk/ukb/field.cgi?id=25687"
"IDP-25688","dMRI","w-OD",NA,"forceps minor","Weighted-mean OD (orientation dispersion index) in tract forceps minor (from dMRI data)","http://biobank.ndph.ox.ac.uk/ukb/field.cgi?id=25688"
"IDP-25689","dMRI","w-OD","left","inferior fronto-occipital fasciculus","Weighted-mean OD (orientation dispersion index) in tract left inferior fronto-occipital fasciculus (from dMRI data)","http://biobank.ndph.ox.ac.uk/ukb/field.cgi?id=25689"
"IDP-25690","dMRI","w-OD","right","inferior fronto-occipital fasciculus","Weighted-mean OD (orientation dispersion index) in tract right inferior fronto-occipital fasciculus (from dMRI data)","http://biobank.ndph.ox.ac.uk/ukb/field.cgi?id=25690"
"IDP-25691","dMRI","w-OD","left","inferior longitudinal fasciculus","Weighted-mean OD (orientation dispersion index) in tract left inferior longitudinal fasciculus (from dMRI data)","http://biobank.ndph.ox.ac.uk/ukb/field.cgi?id=25691"
"IDP-25692","dMRI","w-OD","right","inferior longitudinal fasciculus","Weighted-mean OD (orientation dispersion index) in tract right inferior longitudinal fasciculus (from dMRI data)","http://biobank.ndph.ox.ac.uk/ukb/field.cgi?id=25692"
"IDP-25693","dMRI","w-OD",NA,"middle cerebellar peduncle","Weighted-mean OD (orientation dispersion index) in tract middle cerebellar peduncle (from dMRI data)","http://biobank.ndph.ox.ac.uk/ukb/field.cgi?id=25693"
"IDP-25694","dMRI","w-OD","left","medial lemniscus","Weighted-mean OD (orientation dispersion index) in tract left medial lemniscus (from dMRI data)","http://biobank.ndph.ox.ac.uk/ukb/field.cgi?id=25694"
"IDP-25695","dMRI","w-OD","right","medial lemniscus","Weighted-mean OD (orientation dispersion index) in tract right medial lemniscus (from dMRI data)","http://biobank.ndph.ox.ac.uk/ukb/field.cgi?id=25695"
"IDP-25696","dMRI","w-OD","left","posterior thalamic radiation","Weighted-mean OD (orientation dispersion index) in tract left posterior thalamic radiation (from dMRI data)","http://biobank.ndph.ox.ac.uk/ukb/field.cgi?id=25696"
"IDP-25697","dMRI","w-OD","right","posterior thalamic radiation","Weighted-mean OD (orientation dispersion index) in tract right posterior thalamic radiation (from dMRI data)","http://biobank.ndph.ox.ac.uk/ukb/field.cgi?id=25697"
"IDP-25698","dMRI","w-OD","left","superior longitudinal fasciculus","Weighted-mean OD (orientation dispersion index) in tract left superior longitudinal fasciculus (from dMRI data)","http://biobank.ndph.ox.ac.uk/ukb/field.cgi?id=25698"
"IDP-25699","dMRI","w-OD","right","superior longitudinal fasciculus","Weighted-mean OD (orientation dispersion index) in tract right superior longitudinal fasciculus (from dMRI data)","http://biobank.ndph.ox.ac.uk/ukb/field.cgi?id=25699"
"IDP-25700","dMRI","w-OD","left","superior thalamic radiation","Weighted-mean OD (orientation dispersion index) in tract left superior thalamic radiation (from dMRI data)","http://biobank.ndph.ox.ac.uk/ukb/field.cgi?id=25700"
"IDP-25701","dMRI","w-OD","right","superior thalamic radiation","Weighted-mean OD (orientation dispersion index) in tract right superior thalamic radiation (from dMRI data)","http://biobank.ndph.ox.ac.uk/ukb/field.cgi?id=25701"
"IDP-25702","dMRI","w-OD","left","uncinate fasciculus","Weighted-mean OD (orientation dispersion index) in tract left uncinate fasciculus (from dMRI data)","http://biobank.ndph.ox.ac.uk/ukb/field.cgi?id=25702"
"IDP-25703","dMRI","w-OD","right","uncinate fasciculus","Weighted-mean OD (orientation dispersion index) in tract right uncinate fasciculus (from dMRI data)","http://biobank.ndph.ox.ac.uk/ukb/field.cgi?id=25703"
"IDP-25704","dMRI","w-ISOVF","left","acoustic radiation","Weighted-mean ISOVF (isotropic or free water volume fraction) in tract left acoustic radiation (from dMRI data)","http://biobank.ndph.ox.ac.uk/ukb/field.cgi?id=25704"
"IDP-25705","dMRI","w-ISOVF","right","acoustic radiation","Weighted-mean ISOVF (isotropic or free water volume fraction) in tract right acoustic radiation (from dMRI data)","http://biobank.ndph.ox.ac.uk/ukb/field.cgi?id=25705"
"IDP-25706","dMRI","w-ISOVF","left","anterior thalamic radiation","Weighted-mean ISOVF (isotropic or free water volume fraction) in tract left anterior thalamic radiation (from dMRI data)","http://biobank.ndph.ox.ac.uk/ukb/field.cgi?id=25706"
"IDP-25707","dMRI","w-ISOVF","right","anterior thalamic radiation","Weighted-mean ISOVF (isotropic or free water volume fraction) in tract right anterior thalamic radiation (from dMRI data)","http://biobank.ndph.ox.ac.uk/ukb/field.cgi?id=25707"
"IDP-25708","dMRI","w-ISOVF","left","cingulate gyrus part of cingulum","Weighted-mean ISOVF (isotropic or free water volume fraction) in tract left cingulate gyrus part of cingulum (from dMRI data)","http://biobank.ndph.ox.ac.uk/ukb/field.cgi?id=25708"
"IDP-25709","dMRI","w-ISOVF","right","cingulate gyrus part of cingulum","Weighted-mean ISOVF (isotropic or free water volume fraction) in tract right cingulate gyrus part of cingulum (from dMRI data)","http://biobank.ndph.ox.ac.uk/ukb/field.cgi?id=25709"
"IDP-25710","dMRI","w-ISOVF","left","parahippocampal part of cingulum","Weighted-mean ISOVF (isotropic or free water volume fraction) in tract left parahippocampal part of cingulum (from dMRI data)","http://biobank.ndph.ox.ac.uk/ukb/field.cgi?id=25710"
"IDP-25711","dMRI","w-ISOVF","right","parahippocampal part of cingulum","Weighted-mean ISOVF (isotropic or free water volume fraction) in tract right parahippocampal part of cingulum (from dMRI data)","http://biobank.ndph.ox.ac.uk/ukb/field.cgi?id=25711"
"IDP-25712","dMRI","w-ISOVF","left","corticospinal tract","Weighted-mean ISOVF (isotropic or free water volume fraction) in tract left corticospinal tract (from dMRI data)","http://biobank.ndph.ox.ac.uk/ukb/field.cgi?id=25712"
"IDP-25713","dMRI","w-ISOVF","right","corticospinal tract","Weighted-mean ISOVF (isotropic or free water volume fraction) in tract right corticospinal tract (from dMRI data)","http://biobank.ndph.ox.ac.uk/ukb/field.cgi?id=25713"
"IDP-25714","dMRI","w-ISOVF",NA,"forceps major","Weighted-mean ISOVF (isotropic or free water volume fraction) in tract forceps major (from dMRI data)","http://biobank.ndph.ox.ac.uk/ukb/field.cgi?id=25714"
"IDP-25715","dMRI","w-ISOVF",NA,"forceps minor","Weighted-mean ISOVF (isotropic or free water volume fraction) in tract forceps minor (from dMRI data)","http://biobank.ndph.ox.ac.uk/ukb/field.cgi?id=25715"
"IDP-25716","dMRI","w-ISOVF","left","inferior fronto-occipital fasciculus","Weighted-mean ISOVF (isotropic or free water volume fraction) in tract left inferior fronto-occipital fasciculus (from dMRI data)","http://biobank.ndph.ox.ac.uk/ukb/field.cgi?id=25716"
"IDP-25717","dMRI","w-ISOVF","right","inferior fronto-occipital fasciculus","Weighted-mean ISOVF (isotropic or free water volume fraction) in tract right inferior fronto-occipital fasciculus (from dMRI data)","http://biobank.ndph.ox.ac.uk/ukb/field.cgi?id=25717"
"IDP-25718","dMRI","w-ISOVF","left","inferior longitudinal fasciculus","Weighted-mean ISOVF (isotropic or free water volume fraction) in tract left inferior longitudinal fasciculus (from dMRI data)","http://biobank.ndph.ox.ac.uk/ukb/field.cgi?id=25718"
"IDP-25719","dMRI","w-ISOVF","right","inferior longitudinal fasciculus","Weighted-mean ISOVF (isotropic or free water volume fraction) in tract right inferior longitudinal fasciculus (from dMRI data)","http://biobank.ndph.ox.ac.uk/ukb/field.cgi?id=25719"
"IDP-25720","dMRI","w-ISOVF",NA,"middle cerebellar peduncle","Weighted-mean ISOVF (isotropic or free water volume fraction) in tract middle cerebellar peduncle (from dMRI data)","http://biobank.ndph.ox.ac.uk/ukb/field.cgi?id=25720"
"IDP-25721","dMRI","w-ISOVF","left","medial lemniscus","Weighted-mean ISOVF (isotropic or free water volume fraction) in tract left medial lemniscus (from dMRI data)","http://biobank.ndph.ox.ac.uk/ukb/field.cgi?id=25721"
"IDP-25722","dMRI","w-ISOVF","right","medial lemniscus","Weighted-mean ISOVF (isotropic or free water volume fraction) in tract right medial lemniscus (from dMRI data)","http://biobank.ndph.ox.ac.uk/ukb/field.cgi?id=25722"
"IDP-25723","dMRI","w-ISOVF","left","posterior thalamic radiation","Weighted-mean ISOVF (isotropic or free water volume fraction) in tract left posterior thalamic radiation (from dMRI data)","http://biobank.ndph.ox.ac.uk/ukb/field.cgi?id=25723"
"IDP-25724","dMRI","w-ISOVF","right","posterior thalamic radiation","Weighted-mean ISOVF (isotropic or free water volume fraction) in tract right posterior thalamic radiation (from dMRI data)","http://biobank.ndph.ox.ac.uk/ukb/field.cgi?id=25724"
"IDP-25725","dMRI","w-ISOVF","left","superior longitudinal fasciculus","Weighted-mean ISOVF (isotropic or free water volume fraction) in tract left superior longitudinal fasciculus (from dMRI data)","http://biobank.ndph.ox.ac.uk/ukb/field.cgi?id=25725"
"IDP-25726","dMRI","w-ISOVF","right","superior longitudinal fasciculus","Weighted-mean ISOVF (isotropic or free water volume fraction) in tract right superior longitudinal fasciculus (from dMRI data)","http://biobank.ndph.ox.ac.uk/ukb/field.cgi?id=25726"
"IDP-25727","dMRI","w-ISOVF","left","superior thalamic radiation","Weighted-mean ISOVF (isotropic or free water volume fraction) in tract left superior thalamic radiation (from dMRI data)","http://biobank.ndph.ox.ac.uk/ukb/field.cgi?id=25727"
"IDP-25728","dMRI","w-ISOVF","right","superior thalamic radiation","Weighted-mean ISOVF (isotropic or free water volume fraction) in tract right superior thalamic radiation (from dMRI data)","http://biobank.ndph.ox.ac.uk/ukb/field.cgi?id=25728"
"IDP-25729","dMRI","w-ISOVF","left","uncinate fasciculus","Weighted-mean ISOVF (isotropic or free water volume fraction) in tract left uncinate fasciculus (from dMRI data)","http://biobank.ndph.ox.ac.uk/ukb/field.cgi?id=25729"
"IDP-25730","dMRI","w-ISOVF","right","uncinate fasciculus","Weighted-mean ISOVF (isotropic or free water volume fraction) in tract right uncinate fasciculus (from dMRI data)","http://biobank.ndph.ox.ac.uk/ukb/field.cgi?id=25730"
